Procuring Entity (PE),Region,Province,City/Municipality,Government Branch,PE Organization Type,PE Organization Type (Grouped),Bid Reference No.,Notice Title,Classification,Procurement Mode,Business Category,Funding Source,Funding Instrument,Trade Agreement,Approved Budget of the Contract,Published Date,Closing Date,Area of Delivery,Contract Duration,Calendar Type,Line Item No,Item Name,Item Description,Quantity,UOM,Item Budget,Bid Notice Status,Award Reference No.,Award Title,UNSPSC Code,UNSPSC Description,Published Date(Award),Award Date,Contract Amount,Award Notice Status,Notice to Proceed Date,Contract Effectivity Date,Contract End Date,Awardee Organization Name,Country of Awardee,Region of Awardee,Province of Awardee,City/Municipality of Awardee,Awardee Size,Awardee Joint Venture
PHILIPPINE CARABAO CENTER,Region III,Nueva Ecija,Science City of Muñoz,Executive,Attached Agency,National Government Agencies (NGA),0,SUPPLY AND DELIVERY OF QIAMP DNA MICRO KIT (Direct Contracting Exclusive Dealer / Manufacturer),Goods,Direct Contracting (Sec. 50),Laboratory Supplies and Equipment,Government of the Philippines (GOP),General Appropriations Act,Implementing Rules and Regulations,35250.00,21/10/2024,NULL,Nueva Ecija,84,NULL,1,SUPPLY AND DELIVERY OF QIAMP DNA MICRO KIT,"QIAGEN CAT. NO. 56304, DNA MICRO KIT (50)",1,Lot,35250.00,Awarded,5136945,SUPPLY AND DELIVERY OF QIAMP DNA MICRO KIT (Direct Contracting Exclusive Dealer / Manufacturer),60104002,Deoxyribonucleic acid DNA experiment kits,21/10/2024,14/10/2024,35250.00,Updated,14/10/2024,14/10/2024,06/01/2025,"GOLDEN BAT ( FAR EAST ), INC.",Philippines,NCR,Metro Manila,Quezon City,Medium,NULL
EASTERN VISAYAS STATE UNIVERSITY,Region VIII,Leyte,Tacloban City,Executive,State Universities or Colleges (SUC),State Universities and Colleges (SUC),0,08-0496-24 BAC SUPPLY AND DELIVERY OF PHOTOCOPIER PARTS (Direct Contracting Exclusive Dealer / Manufacturer),Goods,Direct Contracting (Sec. 50),Printing Supplies,Government of the Philippines (GOP),Corporate Budget for the Contract Approved by the Board,Implementing Rules and Regulations,55000.00,29/10/2024,NULL,Leyte,30,NULL,1,Photocopier Parts,"1, Cartridge Fuser Assembly/Fuji DCS 1810 2010 (for existing unit) 2, Cartridge, Drum Cartridge DocuCentre S2011 (for existing unit)",1,Lot,55000.00,Awarded,5147180,08-0496-24 BAC SUPPLY AND DELIVERY OF PHOTOCOPIER PARTS (Direct Contracting Exclusive Dealer / Manufacturer),44101700,Printer and photocopier and facsimile accessories,29/10/2024,19/09/2024,49500.00,Updated,23/09/2024,28/10/2024,27/11/2024,BXU COPY TRADING & ENT. CORP. - TACLOBAN BRANCH,Philippines,Region VIII,Leyte,Tacloban City,Micro,NULL
PROVINCIAL GOVERNMENT OF AKLAN,Region VI,Aklan,Kalibo,Executive,Provincial Government,Local Government Units (LGU),0,"Procurement for the Purchase of Parts of Copier Machine and Cartridge Toner for the use of Ibajay District Hospital, Province of Aklan (Direct Contracting Exclusive Dealer / Manufacturer)",Goods,Direct Contracting (Sec. 50),Office Equipment Parts and Accessories,Government of the Philippines (GOP),Budget for the Contract Approved by the Sanggunian,Implementing Rules and Regulations,50035.12,11/12/2024,NULL,Aklan,45,NULL,1,Procurement for the Purchase of Parts of Copier Ma,1.	1 pc – OPC Drum 2.	1 pc – Cleaning Blade 3.	1 bag – Developer 4.	10 bot - Cartridge Toner MP2014 	x-x-x,1,Lump Sum,50035.12,Awarded,5219460,"Procurement for the Purchase of Parts of Copier Machine and Cartridge Toner for the use of Ibajay District Hospital, Province of Aklan (Direct Contracting Exclusive Dealer / Manufacturer)",44000000,Office Equipment and Accessories and Supplies,11/12/2024,13/08/2024,50035.12,Updated,27/08/2024,02/09/2024,17/10/2024,"PHILIPPINE DUPLICATORS, INC.",Philippines,NCR,Metro Manila,Parañaque City,NULL,NULL
PROVINCE OF CATANDUANES,Region V,Catanduanes,Virac,Executive,Provincial Government,Local Government Units (LGU),0,Calibration of Medical Equipment (Direct Contracting Exclusive Dealer / Manufacturer),Goods - General Support Services,Direct Contracting (Sec. 50),Services,Government of the Philippines (GOP),Budget for the Contract Approved by the Sanggunian,Implementing Rules and Regulations,6000.00,03/10/2024,NULL,Catanduanes,30,NULL,1,Calibration of Medical Equipment,Calibration of Dialysis Machine,1,Lot,6000.00,Awarded,5104324,Calibration of Medical Equipment (Direct Contracting Exclusive Dealer / Manufacturer),42201811,Medical x ray quality assurance or calibration devices,03/10/2024,13/06/2024,6000.00,Updated,19/06/2024,19/06/2024,19/07/2024,"FRESENIUS MEDICAL CARE PHILS., INC.",Philippines,NCR,Metro Manila,Muntinlupa City,Micro,NULL
VICENTE SOTTO MEMORIAL MEDICAL CENTER - REGION VII,Region VII,Cebu,Cebu City,Executive,Hospital,National Government Agencies (NGA),0,SUPPLY AND DELIVERY OF MEDICAL EQUIPMENT PARTS AND ACCESSORIES  (Direct Contracting Exclusive Dealer / Manufacturer),Goods,Direct Contracting (Sec. 50),Hospital / Medical Equipment,Government of the Philippines (GOP),General Appropriations Act,Implementing Rules and Regulations,583117.20,NULL,NULL,Cebu,7,NULL,1,MEDICAL EQUIPMENT PARTS AND ACCESSORIES ,VACUUM PUMP ASSY - 1 PIECE LEYBOLD RETRO FIT KIT - 1 PIECE STERRAD NX PRINTER ASSY - 1 PIECE    EQUIPMENT NAME GAS PLASMA STERILIZER BRAND/MODEL STERRAD NX  SERIAL NO. 1033170107,1,Lot,583117.20,Awarded,5111169,SUPPLY AND DELIVERY OF MEDICAL EQUIPMENT PARTS AND ACCESSORIES  (Direct Contracting Exclusive Dealer / Manufacturer),42000000,Medical Equipment and Accessories and Supplies,07/10/2024,07/10/2024,583117.20,Posted,NULL,NULL,NULL,"BEROVAN MARKETING, INC.",Philippines,Region VII,Cebu,Mandaue City,Large,NULL
BUREAU OF INTERNAL REVENUE - REVENUE REGION NO. 2,CAR,Benguet,Baguio City,Executive,Bureau,National Government Agencies (NGA),0,OPTIMUM TONER CARTRIDGE (OPT-XP375X) (Direct Contracting Exclusive Dealer / Manufacturer),Goods,Direct Contracting (Sec. 50),Printing Supplies,Government of the Philippines (GOP),General Appropriations Act,Implementing Rules and Regulations,240000.00,02/12/2024,NULL,Benguet,15,NULL,1,PRINTING SUPPLIES,OPTIMUM TONER CARTRIDGE,30,Piece,240000.00,Awarded,5210362,OPTIMUM TONER CARTRIDGE (OPT-XP375X) (Direct Contracting Exclusive Dealer / Manufacturer),45000000,Printing and Photographic and Audio and Visual Equipment and Supplies,02/12/2024,28/11/2024,240000.00,Updated,28/11/2024,28/11/2024,13/12/2024,NEED INK SALES & SERVICES,Philippines,Region VII,Cebu,Lapu-Lapu City,Micro,NULL
"BARANGAY SAN MARCOS - CAMALIGAN, CAMARINES SUR",Region V,Camarines Sur,Camaligan,Executive,Barangay,Local Government Units (LGU),0,PROCUREMENT OF PUBLIC BARANGAY VEHICLE (Direct Contracting Proprietary in Nature),Goods,Direct Contracting (Sec. 50),Vehicles,Government of the Philippines (GOP),Budget for the Contract Approved by the Sanggunian,Implementing Rules and Regulations,295000.00,NULL,NULL,Camarines Sur,60,NULL,1,VEHICLES,PROCUREMENT OF VEHICLE,1,Unit,295000.00,Awarded,5257504,PROCUREMENT OF PUBLIC BARANGAY VEHICLE (Direct Contracting Proprietary in Nature),83000000,Public Utilities and Public Sector Related Services,20/12/2024,19/12/2024,295000.00,Posted,NULL,NULL,NULL,DOMAIN CA GENERAL MERCHANDISE,Philippines,Region V,Albay,Ligao City,Micro,NULL
DEPARTMENT OF SOCIAL WELFARE AND DEVELOPMENT - REGION VIII,Region VIII,Leyte,Tacloban City,Executive,Department,National Government Agencies (NGA),0,Provision of Services for the Preventive Manintenance for DSWD Vehicle SGN 170 (Direct Contracting Exclusive Dealer / Manufacturer),Goods,Direct Contracting (Sec. 50),Vehicle Repair and Maintenance,Government of the Philippines (GOP),General Appropriations Act,Implementing Rules and Regulations,122378.66,03/12/2024,NULL,Leyte,15,NULL,1,Repair and Maintenance Services,"340,000km check up etc.,",1,Lot,122378.66,Awarded,5213569,Provision of Services for the Preventive Manintenance for DSWD Vehicle SGN 170 (Direct Contracting Exclusive Dealer / Manufacturer),78181500,Vehicle maintenance and repair services,03/12/2024,03/12/2024,122378.66,Updated,16/12/2024,17/12/2024,31/12/2024,TOYOTA TACLOBAN LEYTE INC.,Philippines,Region VIII,Leyte,Tacloban City,Large,NULL
LANDBANK OF THE PHILIPPINES - HEAD OFFICE,NCR,Metro Manila,Manila,Executive,Government Owned and/or Controlled Corp.(GOCC),Government Owned and Controlled Corporations (GOCC),0,ASG Outbound Enterprise Software Maintenance - 0742 (Direct Contracting Exclusive Dealer / Manufacturer),Goods - General Support Services,Direct Contracting (Sec. 50),Information Technology,Government of the Philippines (GOP),Corporate Budget for the Contract Approved by the Board,Implementing Rules and Regulations,4718239.58,NULL,NULL,Metro Manila,13,NULL,1,ASG Outbound Enterprise Software,Software Maintenance,1,Lot,4718239.58,Awarded,5184475,ASG Outbound Enterprise Software Maintenance - 0742 (Direct Contracting Exclusive Dealer / Manufacturer),43000000,Information Technology Broadcasting and Telecommunications,19/11/2024,19/11/2024,4718239.58,Updated,29/11/2024,29/11/2024,31/12/2025,"INFOMAX SYSTEMS SOLUTIONS & SERVICES, INC.",Philippines,NCR,Metro Manila,Makati City,Medium,NULL
DEPARTMENT OF AGRARIAN REFORM - REGION VI,Region VI,Iloilo,Iloilo City,Executive,Department,National Government Agencies (NGA),0,Procurement of Toner Cartridge - Docucentre S2320 (Direct Contracting Exclusive Dealer / Manufacturer),Goods,Direct Contracting (Sec. 50),Office Equipment Supplies and Consumables,Government of the Philippines (GOP),General Appropriations Act,Implementing Rules and Regulations,51000.00,20/12/2024,NULL,Iloilo,30,NULL,1,Procurement of Toner Cartridge - Docucentre S2320,Procurement of Toner Cartridge - Docucentre S2320,12,Cartridge,51000.00,Awarded,5259910,Procurement of Toner Cartridge - Docucentre S2320 (Direct Contracting Exclusive Dealer / Manufacturer),44103105,Ink cartridges,20/12/2024,16/12/2024,51000.00,Posted,NULL,NULL,NULL,"CARLSON DIGITAL PRINTS, INC",Philippines,Region VI,Iloilo,Iloilo City,Micro,NULL
OFFICE OF THE SOLICITOR GENERAL,NCR,Metro Manila,Makati City,Executive,Attached Agency,National Government Agencies (NGA),0,Procurement of Service Provider to Conduct Drug Testing to OSG Employees/Personnel,Goods,Negotiated Procurement - Agency to Agency (Sec. 53.5),Diagnostic and Laboratory Services,Government of the Philippines (GOP),General Appropriations Act,Implementing Rules and Regulations,565625.00,NULL,NULL,Metro Manila,120,NULL,1,Procurement of Service Provider to Conduct Drug Te,Procurement of Service Provider to Conduct Drug Testing to OSG Employees/Personnel,1,Lot,565625.00,Awarded,5259655,Procurement of Service Provider to Conduct Drug Testing to OSG Employees/Personnel,41000000,Laboratory and Measuring and Observing and Testing Equipment,20/12/2024,30/09/2024,565625.00,Updated,30/09/2024,30/09/2024,03/01/2025,EAST AVENUE MEDICAL CENTER,Philippines,NCR,Metro Manila,Quezon City,NULL,NULL
DEPARTMENT OF AGRICULTURE - CARFU,CAR,Benguet,Baguio City,Executive,Department,National Government Agencies (NGA),0,PO 1585 / LODGING AND VENUE,Goods,Negotiated Procurement - Agency to Agency (Sec. 53.5),Catering Services,Government of the Philippines (GOP),General Appropriations Act,Implementing Rules and Regulations,126580.00,NULL,NULL,NULL,15,NULL,1,PO 1585 / LODGING AND VENUE,LODGING AND HALL RENTAL,1,Lot,126580.00,Awarded,5106243,PO 1585 / LODGING AND VENUE,90000000,Travel and Food and Lodging and Entertainment Services,04/10/2024,30/09/2024,29850.00,Updated,30/09/2024,03/10/2024,03/10/2024,"MUNICIPALITY OF MAYOYAO, IFUGAO",Philippines,CAR,Ifugao,Mayoyao,NULL,NULL
PHIVIDEC INDUSTRIAL AUTHORITY - MISAMIS ORIENTAL,Region X,Misamis Oriental,Tagoloan,Executive,Provincial Government,Local Government Units (LGU),0,PRINTING OF SALES INVOICE,Goods,Negotiated Procurement - Agency to Agency (Sec. 53.5),Printing Services,Government of the Philippines (GOP),Corporate Budget for the Contract Approved by the Board,Implementing Rules and Regulations,812000.00,18/11/2024,NULL,Misamis Oriental,45,NULL,1,PRINTING OF SALES INVOICE,"Sales invoice Size 8 x 6-7/8 Stock White, Blue, Pink & Canary, Carbonless paper with NPO Security Mark Others One sided printing, Text in Black, including ATP and PIA Logo; Serial Number in Red Color Contruction Stitch-padded in 50 x 4 ply with",1400,Pad,812000.00,Awarded,5180111,PRINTING OF SALES INVOICE,14111802,Receipts or receipt books,18/11/2024,07/11/2024,729400.00,Posted,NULL,NULL,NULL,NATIONAL PRINTING OFFICE,Philippines,NCR,Metro Manila,Quezon City,NULL,NULL
"BARANGAY GOGON, PRIETO, DIAZ",Region V,Sorsogon,Prieto Diaz,Executive,Barangay,Local Government Units (LGU),0,IMPROVEMENT OF MULTI PURPOSE HALL,Civil Works,Negotiated Procurement - Agency to Agency (Sec. 53.5),Construction Projects,Government of the Philippines (GOP),Budget for the Contract Approved by the Sanggunian,Implementing Rules and Regulations,200000.00,17/12/2024,NULL,Sorsogon,30,NULL,1,CONSTRUCTION PROJECTS,IMPROVEMENT OF MULTI PURPOSE HALL,72,Package,200000.00,Awarded,5249006,IMPROVEMENT OF MULTI PURPOSE HALL,72000000,Building and Facility Construction and Maintenance Services,17/12/2024,14/12/2024,200000.00,Updated,17/12/2024,17/12/2024,31/12/2024,"BARANGAY MANINGCAY DE ORO, PRIETO DIAZ, SORSOGON",Philippines,Region V,Sorsogon,Prieto Diaz,NULL,NULL
PROVINCIAL GOVERNMENT OF AKLAN,Region VI,Aklan,Kalibo,Executive,Provincial Government,Local Government Units (LGU),0,"Procurement of Expanded Newborn Screening Kit Supplies  of Ciriaco S. Tirol Hospital, Province of Aklan",Goods,Negotiated Procurement - Agency to Agency (Sec. 53.5),Medical Supplies and Laboratory Instrument,Government of the Philippines (GOP),Budget for the Contract Approved by the Sanggunian,Implementing Rules and Regulations,262500.00,29/10/2024,NULL,Aklan,90,NULL,1,Expanded Newborn Screening Kit Supplies ,1.	150 pcs  - Expanded Newborn Screening Kit 	 	x-x-x,1,Lump Sum,262500.00,Awarded,4970633,"Procurement of Expanded Newborn Screening Kit Supplies  of Ciriaco S. Tirol Hospital, Province of Aklan",42000000,Medical Equipment and Accessories and Supplies,29/10/2024,16/09/2024,262500.00,Posted,NULL,NULL,NULL,WEST VISAYAS STATE UNIVERSITY MEDICAL CENTER - REGION VI,Philippines,Region VI,Iloilo,Iloilo City,NULL,NULL
BICOL MEDICAL CENTER,Region V,Camarines Sur,Naga City,Executive,Hospital,National Government Agencies (NGA),0,Newborn Screening Collection Kits,Goods,Negotiated Procurement - Agency to Agency (Sec. 53.5),Medical Supplies and Laboratory Instrument,Government of the Philippines (GOP),General Appropriations Act,Implementing Rules and Regulations,10500000.00,17/10/2024,NULL,Camarines Sur,5,NULL,1,Newborn Screening Collection Kits,"Filter cards, lancets, pink forms (kit)",6000,Piece,10500000.00,Awarded,4730222,Newborn Screening Collection Kits,42000000,Medical Equipment and Accessories and Supplies,17/10/2024,13/09/2023,10500000.00,Updated,13/09/2023,13/09/2023,20/09/2023,UNIVERSITY OF THE PHILIPPINES - MANILA,Philippines,NCR,Metro Manila,Manila,NULL,NULL
PROVINCE OF AGUSAN DEL NORTE,Caraga,Agusan Del Norte,Butuan City,Executive,Provincial Government,Local Government Units (LGU),0,Newborn Screening Kit,Goods,Negotiated Procurement - Agency to Agency (Sec. 53.5),Laboratory Supplies and Equipment,Government of the Philippines (GOP),General Appropriations Act,Implementing Rules and Regulations,87500.00,NULL,NULL,Agusan Del Norte,20,NULL,1,Newborn Screening Kit,Newborn Screening Kit,50,Pack,87500.00,Awarded,5221805,Newborn Screening Kit,41000000,Laboratory and Measuring and Observing and Testing Equipment,06/12/2024,28/11/2024,87500.00,Updated,28/11/2024,28/11/2024,18/12/2024,SOUTHERN PHILIPPINES MEDICAL CENTER,Philippines,Region XI,Davao Del Sur,Davao City,NULL,NULL
BARANGAY BAGUBAD - GINGOOG CITY MISAMIS ORIENTAL,Region X,Misamis Oriental,Gingoog City,Executive,Barangay,Local Government Units (LGU),0,PROCUREMENT of GOODS COMPLETION OF BARANGAY HALL PHASE 6,Goods,Negotiated Procurement - Agency to Agency (Sec. 53.5),Construction Materials and Supplies,Government of the Philippines (GOP),Budget for the Contract Approved by the Sanggunian,Implementing Rules and Regulations,232832.00,09/10/2024,NULL,Misamis Oriental,10,NULL,1,Aluminum Framed Glass Door (swing type),"3.70m x 3.0m x 6mm thk, double swing, Door Glass, with fixed transom 1.050 awning & fixed glass",1,Set,232832.00,Awarded,5116715,PROCUREMENT of GOODS COMPLETION OF BARANGAY HALL PHASE 6,30171501,Glass doors,09/10/2024,03/10/2024,231885.00,Updated,03/10/2024,03/10/2024,14/10/2024,BARANGAY BAGUBAD - GINGOOG CITY MISAMIS ORIENTAL,Philippines,Region X,Misamis Oriental,Gingoog City,NULL,NULL
DEPARTMENT OF PUBLIC WORKS AND HIGHWAYS - SURIGAO DEL SUR 1S,Caraga,Surigao Del Sur,Tandag City,Executive,Department,National Government Agencies (NGA),0,2024-11-389,Goods,Negotiated Procurement - Agency to Agency (Sec. 53.5),Information Technology,Government of the Philippines (GOP),General Appropriations Act,Implementing Rules and Regulations,5000.00,17/12/2024,NULL,Surigao Del Sur,30,NULL,1,2024-11-389,2024-11-389,10,Pail,5000.00,Awarded,5245708,2024-11-389,43202010,Pen or flash drive,17/12/2024,18/11/2024,1600.00,Posted,NULL,NULL,NULL,PROCUREMENT SERVICE - CARAGA DEPOT OFFICE,Philippines,Caraga,Agusan Del Norte,Butuan City,NULL,NULL
CAPIZ PROVINCIAL GOVERNMENT,Region VI,Capiz,Roxas City,Executive,Provincial Government,Local Government Units (LGU),0,Supply and Delivery of Expanded Newborn Screening Kit,Goods,Negotiated Procurement - Agency to Agency (Sec. 53.5),Laboratory Supplies and Equipment,Government of the Philippines (GOP),Budget for the Contract Approved by the Sanggunian,Implementing Rules and Regulations,87500.00,21/10/2024,NULL,Capiz,30,NULL,1,Expanded Newborn Screening Kit,Expanded Newborn Screening Kit,50,Piece,87500.00,Awarded,5135664,Supply and Delivery of Expanded Newborn Screening Kit,41120000,Laboratory supplies and fixtures,21/10/2024,02/09/2024,87500.00,Updated,09/09/2024,09/09/2024,11/09/2024,WEST VISAYAS STATE UNIVERSITY MEDICAL CENTER - REGION VI,Philippines,Region VI,Iloilo,Iloilo City,NULL,NULL
DEPARTMENT OF EDUCATION - REGION I,Region I,La Union,San Fernando City,Executive,Department,National Government Agencies (NGA),0,"Procurement of Meals, Venue and Accommodation re REgional Coordination Meeting with DepED and DPWH ",Goods,Negotiated Procurement - Lease of Real Property (Sec. 53.10),Hotel and Lodging and Meeting Facilities,Government of the Philippines (GOP),General Appropriations Act,Implementing Rules and Regulations,482000.00,10/12/2024,NULL,La Union,4,NULL,1,"Procurement of Meals, Venue and Accommodation","Procurement of Meals, Venue and Accommodation re Regional Coordination Meeting with DepED and DPWH ",1,Lot,482000.00,Awarded,5225120,"Procurement of Meals, Venue and Accommodation re REgional Coordination Meeting with DepED and DPWH ",90110000,Hotels and lodging and meeting facilities,10/12/2024,09/10/2024,469950.00,Updated,15/10/2024,15/10/2024,15/11/2024,BANGALOW PTY.LTD.CO (MARAND RESORT AND SPA),Philippines,Region I,La Union,Bauang,NULL,NULL
NATIONAL ECONOMIC AND DEVELOPMENT AUTHORITY - REGION II,Region II,Cagayan,Tuguegarao City,Executive,Department,National Government Agencies (NGA),0,Lease of Real Property and Venue with Catering Services for the conduct of Regional Research Dissemination Forum,Goods - General Support Services,Negotiated Procurement - Lease of Real Property (Sec. 53.10),Lease and Rental of Property or Building,Government of the Philippines (GOP),General Appropriations Act,Implementing Rules and Regulations,94600.00,NULL,NULL,Cagayan,NULL,NULL,1,Lease of Venue with Catering Services,Lease of Venue with Catering Services for the conduct of Regional Research Dissemination Forum,1,Lot,94600.00,Awarded,2599213,Lease of Real Property and Venue with Catering Services for the conduct of Regional Research Dissemination Forum,90101603,Catering services,15/10/2024,19/07/2024,94050.00,Posted,NULL,NULL,NULL,JDL PULSAR PROPERTY MANAGEMENT,Philippines,Region II,Cagayan,Tuguegarao City,NULL,NULL
PHILIPPINE SCIENCE HIGH SCHOOL SYSTEM - QUEZON CITY METRO MA,NCR,Metro Manila,Quezon City,Executive,Attached Agency,National Government Agencies (NGA),0,"Lease of Venue with Meals and Accommodation for the PSHS System Computer Science Summit 2024 on December 9-11, 2024",Goods,Negotiated Procurement - Lease of Real Property (Sec. 53.10),Hotel and Lodging and Meeting Facilities,Government of the Philippines (GOP),General Appropriations Act,Implementing Rules and Regulations,283800.00,19/12/2024,NULL,NULL,NULL,NULL,1,Lease of Venue with Meals and Accommodation for th,"Lease of Venue with Meals and Accommodation for the PSHS System Computer Science Summit 2024 on December 9-11, 2024",1,Lot,283800.00,Awarded,5254445,"Lease of Venue with Meals and Accommodation for the PSHS System Computer Science Summit 2024 on December 9-11, 2024",90110000,Hotels and lodging and meeting facilities,19/12/2024,04/12/2024,283155.00,Updated,09/12/2024,09/12/2024,11/12/2024,"GREAT EASTERN HOTEL, INC.",Philippines,NCR,Metro Manila,Quezon City,Micro,NULL
NATIONAL ECONOMIC AND DEVELOPMENT AUTHORITY - CARAGA,Caraga,Agusan Del Norte,Butuan City,Executive,Department,National Government Agencies (NGA),0,120th Caraga RDC Full Council Meeting,Goods,Negotiated Procurement - Lease of Real Property (Sec. 53.10),Hotel and Lodging and Meeting Facilities,Government of the Philippines (GOP),General Appropriations Act,Implementing Rules and Regulations,150000.00,NULL,NULL,Agusan Del Norte,NULL,NULL,1,Food and venue,Food and venue,150,Unit,150000.00,Awarded,5257885,120th Caraga RDC Full Council Meeting,90110000,Hotels and lodging and meeting facilities,20/12/2024,07/11/2024,150000.00,Updated,07/11/2024,27/11/2024,27/11/2024,"ALMONT  HOTEL, INC.",Philippines,Caraga,Agusan Del Norte,Butuan City,Medium,NULL
DEPARTMENT OF THE INTERIOR AND LOCAL GOVERNMENT - MAIN,NCR,Metro Manila,Quezon City,Executive,Department,National Government Agencies (NGA),0,Training on National Guidelines on Internal Control Systems (NGICS) ,Goods,Negotiated Procurement - Lease of Real Property (Sec. 53.10),Hotel and Lodging and Meeting Facilities,Government of the Philippines (GOP),General Appropriations Act,Implementing Rules and Regulations,225000.00,NULL,NULL,Metro Manila,NULL,NULL,1,Hotel and Lodging and Meeting Facilities ,Training on National Guidelines on Internal Control Systems (NGICS) ,1,Lot,225000.00,Awarded,5215611,Training on National Guidelines on Internal Control Systems (NGICS) ,90110000,Hotels and lodging and meeting facilities,06/12/2024,27/11/2024,221250.00,Updated,03/12/2024,03/12/2024,05/12/2024,MADISON 101 INC.,Philippines,NCR,Metro Manila,Quezon City,Large,NULL
"CITY OF KORONADAL, SOUTH COTABATO",Region XII,South Cotabato,Koronadal City,Executive,City Government,Local Government Units (LGU),0,"MEALS & SNACKS W/ VENUE DURING THE CONDUCT OF CAPACITY BUILDING & PROGRAM IMPLEMENTATION/REVIEW OF CHILD DEVELOPMENT WORKER OF THE CITY - DEC. 5-6, 2024",Goods,Negotiated Procurement - Lease of Real Property (Sec. 53.10),Hotel and Lodging and Meeting Facilities,Government of the Philippines (GOP),Budget for the Contract Approved by the Sanggunian,Implementing Rules and Regulations,124800.00,13/12/2024,NULL,South Cotabato,2,NULL,1,MEALS & SNACKS W/ VENUE DURING THE CONDUCT OF CAPA,"MEALS & SNACKS W/ VENUE DURING THE CONDUCT OF CAPACITY BUILDING & PROGRAM IMPLEMENTATION/REVIEW OF CHILD DEVELOPMENT WORKER OF THE CITY - DEC. 5-6, 2024",1,Lot,124800.00,Awarded,5241968,"MEALS & SNACKS W/ VENUE DURING THE CONDUCT OF CAPACITY BUILDING & PROGRAM IMPLEMENTATION/REVIEW OF CHILD DEVELOPMENT WORKER OF THE CITY - DEC. 5-6, 2024",90110000,Hotels and lodging and meeting facilities,13/12/2024,22/10/2024,124592.00,Updated,22/10/2024,05/12/2024,06/12/2024,CINCO NINAS RESTO,Philippines,Region XII,South Cotabato,Koronadal City,Micro,NULL
PHILIPPINE DRUG ENFORCEMENT AGENCY,NCR,Metro Manila,Quezon City,Executive,Attached Agency,National Government Agencies (NGA),0,Provision of Venue and Accommodation with Meals for the Conduct of PORMIS 2.0 Workshop,Goods,Negotiated Procurement - Lease of Real Property (Sec. 53.10),Lease and Rental of Property or Building,Government of the Philippines (GOP),General Appropriations Act,Implementing Rules and Regulations,521500.00,13/11/2024,NULL,Metro Manila,4,NULL,1,Provision of Venue and Accommodation with Meals fo,Lease of Venue with accommodation,1,Lot,521500.00,Awarded,5171804,Provision of Venue and Accommodation with Meals for the Conduct of PORMIS 2.0 Workshop,80131500,Lease and rental of property or building,13/11/2024,16/09/2024,470050.00,Updated,16/09/2024,23/09/2024,26/09/2024,REDHOTEL INC,Philippines,NCR,Metro Manila,Quezon City,Micro,NULL
PROVINCE OF PAMPANGA,Region III,Pampanga,San Fernando City,Executive,Provincial Government,Local Government Units (LGU),0,PR 24-4443 Venue rental with meals and accommodation,Goods,Negotiated Procurement - Lease of Real Property (Sec. 53.10),Lease and Rental of Property or Building,Government of the Philippines (GOP),Budget for the Contract Approved by the Sanggunian,Implementing Rules and Regulations,2530000.00,NULL,NULL,Pampanga,NULL,NULL,1,PR 24-4443 Venue rental with meals and accommodat,"for the training for comparative techno demo & organic agricultural participatory gurantee system on ocotber 10-11,2024 ",1,Lot,2530000.00,Awarded,5108909,PR 24-4443 Venue rental with meals and accommodation,80131500,Lease and rental of property or building,06/10/2024,11/09/2024,2504700.00,Posted,NULL,NULL,NULL,OTEL WALL STREET CORPORATION,Philippines,Region III,Pampanga,San Fernando City,Medium,NULL
PHILIPPINE COMPETITION COMMISSION,NCR,Metro Manila,Pasig City,Executive,Department,National Government Agencies (NGA),0,Provision of Venue including Food and Accommodation for the Conduct of the AO & CEO Joint Operational Planning Workshop for FY 2025-2026 ,Goods,Negotiated Procurement - Lease of Real Property (Sec. 53.10),Hotel and Lodging and Meeting Facilities,Government of the Philippines (GOP),General Appropriations Act,Implementing Rules and Regulations,536000.00,24/10/2024,NULL,Rizal,7,NULL,1,Provision of Venue including Food and Accommodatio,for the Conduct of the AO & CEO Joint Operational Planning Workshop for FY 2025-2026 ,1,Lot,536000.00,Awarded,5139608,Provision of Venue including Food and Accommodation for the Conduct of the AO & CEO Joint Operational Planning Workshop for FY 2025-2026 ,90110000,Hotels and lodging and meeting facilities,24/10/2024,15/10/2024,533200.00,Posted,NULL,NULL,NULL,NATURE SPECIALISTS INC.,Philippines,Region IV-A,Rizal,San Mateo,Large,NULL
CITY OF PARAÑAQUE,NCR,Metro Manila,Parañaque City,Executive,City Government,Local Government Units (LGU),0,Lease of Venue for the Office of the City Treasurer's Strategic Tax Collection Efficiency Seminar,Goods,Negotiated Procurement - Lease of Real Property (Sec. 53.10),Lease and Rental of Property or Building,Government of the Philippines (GOP),Budget for the Contract Approved by the Sanggunian,Implementing Rules and Regulations,2250000.00,NULL,NULL,Metro Manila,7,NULL,1,Lease of Venue,Lease of Venue for the Office of the City Treasurer's Strategic Tax Collection Efficiency Seminar,1,Lot,2250000.00,Awarded,5152009,Lease of Venue for the Office of the City Treasurer's Strategic Tax Collection Efficiency Seminar,80131500,Lease and rental of property or building,31/10/2024,14/08/2024,2250000.00,Posted,NULL,NULL,NULL,CANYON COVE HOTEL AND SPA INC,Philippines,Region IV-A,Batangas,Nasugbu,Micro,NULL
"MUNICIPALITY OF GAMAY, NORTHERN SAMAR",Region VIII,Northern Samar,Gamay,Executive,Municipal Government,Local Government Units (LGU),0,Procurement of Goods,Goods,Negotiated Procurement - Emergency Cases (Sec. 53.2),Grocery Items,Government of the Philippines (GOP),Budget for the Contract Approved by the Sanggunian,Implementing Rules and Regulations,1020338.00,17/12/2024,NULL,Northern Samar,45,NULL,1,Grocery Items,Procurement of Goods,1,Lot,1020338.00,Awarded,5249086,Procurement of Goods,50000000,Food Beverage and Tobacco Products,17/12/2024,20/11/2024,1020338.00,Updated,20/11/2024,20/11/2024,04/01/2025,DOUBLE C STORE,Philippines,Region VIII,Northern Samar,Gamay,Micro,NULL
"MUNICIPALITY OF PITOGO, QUEZON",Region IV-A,Quezon,Pitogo,Executive,Municipal Government,Local Government Units (LGU),0,REPAIR AND MAINTENANCE OF WATER WORKS SYSTEM (PITOGO MUNICIPAL WATER WORKS SYSTEM) - SUPPLY AND DELIVERY OF SUBMERSIBLE PUMP AND MOTOR,Goods,Negotiated Procurement - Emergency Cases (Sec. 53.2),General Merchandise,Government of the Philippines (GOP),General Appropriations Act,Implementing Rules and Regulations,443000.00,NULL,NULL,Quezon,41,NULL,1,REPAIR AND MAINTENANCE OF WATER WORKS SYSTEM (PITO,SUPPLY AND DELIVERY OF SUBMERSIBLE PUMP AND MOTOR,3,Lump Sum,443000.00,Awarded,5193601,REPAIR AND MAINTENANCE OF WATER WORKS SYSTEM (PITOGO MUNICIPAL WATER WORKS SYSTEM) - SUPPLY AND DELIVERY OF SUBMERSIBLE PUMP AND MOTOR,26000000,Power Generation and Distribution Machinery and Accessories,24/11/2024,30/10/2024,442199.50,Updated,08/10/2024,09/10/2024,18/11/2024,M.O. FLORES CONSTRUCTION SUPPLIES AND SERVICES,Philippines,Region IV-A,Quezon,Quezon,Micro,NULL
"RESEARCH INSTITUTE FOR TROPICAL MEDICINE, DOH",NCR,Metro Manila,Muntinlupa City,Executive,Hospital,National Government Agencies (NGA),0,Supply and Delivery of Various Laboratory Supplies (PR 24-03-0121),Goods,Negotiated Procurement - Emergency Cases (Sec. 53.2),Laboratory Supplies and Equipment,Government of the Philippines (GOP),General Appropriations Act,Implementing Rules and Regulations,50311.68,NULL,NULL,Metro Manila,30,NULL,1,Kit,"for A15 Chemistry Analyzer, ALT (GPT), 120 mL/kit  General Requirements • Product Brochure/Product Information (If applicable)",24,Unit,50311.68,Awarded,5209380,Supply and Delivery of Various Laboratory Supplies (PR 24-03-0121),41000000,Laboratory and Measuring and Observing and Testing Equipment,02/12/2024,16/08/2024,50311.68,Updated,27/09/2024,27/09/2024,27/10/2024,BIOTECH SYSTEMS TRADING CORPORATION,Philippines,NCR,Metro Manila,Quezon City,Micro,NULL
DEPARTMENT OF HEALTH - CAR OFFICE,CAR,Benguet,Baguio City,Executive,Department,National Government Agencies (NGA),0,PROCUREMENT OF CAMPOLAS KIT (3 KITS),Goods,Negotiated Procurement - Emergency Cases (Sec. 53.2),Drugs and Medicines,Government of the Philippines (GOP),General Appropriations Act,Implementing Rules and Regulations,300000.00,02/12/2024,NULL,Benguet,1,NULL,1,CAMPOLAS KIT,CAMPOLAS KIT WITH BOX,3,Set,300000.00,Awarded,5211365,PROCUREMENT OF CAMPOLAS KIT (3 KITS),73101701,Drugs or medicine production services,02/12/2024,19/11/2024,177000.00,Updated,20/11/2024,21/11/2024,22/11/2024,BLESSED ST. JOHN PHARMACEUTICALS & GEN. MDSE.,Philippines,CAR,Benguet,Baguio City,Micro,NULL
BAGUIO GENERAL HOSPITAL AND MEDICAL CENTER,CAR,Benguet,Baguio City,Executive,Hospital,National Government Agencies (NGA),0,Various Items for Endovascular Intervention Procedure,Goods,Negotiated Procurement - Emergency Cases (Sec. 53.2),Medical Supplies and Laboratory Instrument,Government of the Philippines (GOP),General Appropriations Act,Implementing Rules and Regulations,479000.00,19/11/2024,NULL,(Independent City),1,NULL,1,Various Items for Endovascular Intervention Proced,"Item No.16% EVOH (Ethylene Vinyl Alcohol) Liquid Embolic System ***Notes*** - must be pre-mixed radiopaque injectable liquid - must be made of 6% Ethylene Vinyl alcohol (EVOH), Dimethyl Sulfoxide (DMSO) and Micronized tantalum powder............",8,Piece,479000.00,Awarded,5183869,Various Items for Endovascular Intervention Procedure,42000000,Medical Equipment and Accessories and Supplies,19/11/2024,02/10/2024,479000.00,Updated,07/11/2024,07/11/2024,08/11/2024,"GLOBO ASIATICO ENTERPRISES,INC",Philippines,NCR,Metro Manila,Quezon City,Micro,NULL
"CITY OF SAN PABLO, LAGUNA",Region IV-A,Laguna,San Pablo City,Executive,City Government,Local Government Units (LGU),0,Purchase of Relief Goods for the affected of Typhoon Kristine.,Goods,Negotiated Procurement - Emergency Cases (Sec. 53.2),Grocery Items,Government of the Philippines (GOP),Budget for the Contract Approved by the Sanggunian,Implementing Rules and Regulations,9998988.00,NULL,NULL,NULL,NULL,NULL,1,Goods/Grocery Items,see P.O./CONTRACT 002572 ,1,Lot,9998988.00,Awarded,5181040,Purchase of Relief Goods for the affected of Typhoon Kristine.,50000000,Food Beverage and Tobacco Products,18/11/2024,07/11/2024,9998988.00,Updated,07/11/2024,07/11/2024,17/11/2024,TRIPLE L CONSUMER GOODS TRADING,Philippines,Region IV-A,Laguna,San Pablo City,Micro,NULL
"MUNICIPALITY OF ORION, BATAAN",Region III,Bataan,Orion,Executive,Municipal Government,Local Government Units (LGU),0,Purchase and Delivery of T-Shirts and Sporting Materials 2024 used for Sports Fest 2024,Goods,Negotiated Procurement - Emergency Cases (Sec. 53.2),Sporting Goods,Government of the Philippines (GOP),Budget for the Contract Approved by the Sanggunian,Implementing Rules and Regulations,91815.00,NULL,NULL,Bataan,14,NULL,1,T-Shirts and Sporting Materials,Purchase and Delivery of T-Shirts and Sporting Materials 2024 used for Sports Fest 2024,1,Lot,91815.00,Awarded,5135363,Purchase and Delivery of T-Shirts and Sporting Materials 2024 used for Sports Fest 2024,49000000,Sports and Recreational Equipment and Supplies and Accessories,21/10/2024,24/09/2024,91815.00,Posted,NULL,NULL,NULL,MIMA ENTERPRISE,Philippines,NCR,Metro Manila,Marikina City,Medium,NULL
BAGUIO GENERAL HOSPITAL AND MEDICAL CENTER,CAR,Benguet,Baguio City,Executive,Hospital,National Government Agencies (NGA),0,TOTAL REPLACEMENT LEFT,Goods,Negotiated Procurement - Emergency Cases (Sec. 53.2),Medical Supplies and Laboratory Instrument,Government of the Philippines (GOP),General Appropriations Act,Implementing Rules and Regulations,400000.00,23/12/2024,NULL,(Independent City),1,NULL,1,TOTAL REPLACEMENT LEFT ,OFFERMICROPORT ,2,Set,400000.00,Awarded,5262439,TOTAL REPLACEMENT LEFT,42000000,Medical Equipment and Accessories and Supplies,23/12/2024,28/11/2024,380000.00,Updated,16/12/2024,16/12/2024,17/12/2024,"PACIFICSURGICAL, INC.",Philippines,NCR,Metro Manila,Makati City,Micro,NULL
"MUNICIPALITY OF ORION, BATAAN",Region III,Bataan,Orion,Executive,Municipal Government,Local Government Units (LGU),0,Purchase and Delivery of Fish and Vegetable for Supplementary Feeding Program  -14th Cycle for the enrolled Daycare Children ,Goods,Negotiated Procurement - Emergency Cases (Sec. 53.2),Grocery Items,Government of the Philippines (GOP),Budget for the Contract Approved by the Sanggunian,Implementing Rules and Regulations,502958.70,NULL,NULL,Bataan,90,NULL,1,Fish and Vegetable,Purchase and Delivery of Fish and Vegetable for Supplementary Feeding Program -14th Cycle for the enrolled Daycare Children  ,1,Lot,502958.70,Awarded,5119747,Purchase and Delivery of Fish and Vegetable for Supplementary Feeding Program  -14th Cycle for the enrolled Daycare Children ,50000000,Food Beverage and Tobacco Products,11/10/2024,08/10/2024,502958.70,Updated,10/10/2024,11/10/2024,09/01/2025,PERLY'S FRUITS AND VEGETABLES STORE,Philippines,Region III,Bataan,Orion,Micro,NULL
NATIONAL KIDNEY AND TRANSPLANT INSTITUTE,NCR,Metro Manila,Quezon City,Executive,Government Owned and/or Controlled Corp.(GOCC),Government Owned and Controlled Corporations (GOCC),0,PROCUREMENT OF VARIOUS MEDICINES,Goods,Negotiated Procurement - Emergency Cases (Sec. 53.2),Drugs and Medicines,Government of the Philippines (GOP),Corporate Budget for the Contract Approved by the Board,Implementing Rules and Regulations,230480.00,NULL,NULL,Metro Manila,10,NULL,1,PROCUREMENT OF VARIOUS MEDICINES,PROCUREMENT OF VARIOUS MEDICINES,1,Lot,230480.00,Awarded,5202729,PROCUREMENT OF VARIOUS MEDICINES,51000000,Drugs and Pharmaceutical Products,28/11/2024,29/08/2024,134712.00,Updated,30/08/2024,30/08/2024,30/08/2025,"ENDURE MEDICAL, INC.",Philippines,NCR,Metro Manila,Pasig City,Large,NULL
"MUNICIPALITY OF SAN VICENTE, PALAWAN",Region IV-B,Palawan,San Vicente,Executive,Municipal Government,Local Government Units (LGU),0,PROCUREMENT OF FUEL INTENDED FOR THE CONDUCT OF FAMILY DEVELOPMENT SESSION AND YOUTH DEVELOPMENT SESSSION AND YOUTH DEVELOPMENT SSESSION,Goods,Direct Retail Purchase of POL and Airline Tickets (Sec. 53.14),Fuels/Fuel Additives & Lubricants & Anti Corrosive,Government of the Philippines (GOP),Budget for the Contract Approved by the Sanggunian,Implementing Rules and Regulations,8900.00,02/10/2024,NULL,Palawan,NULL,NULL,1,Fuel,PROCUREMENT OF FUEL INTENDED FOR THE CONDUCT OF FAMILY DEVELOPMENT SESSION AND YOUTH DEVELOPMENT SESSSION AND YOUTH DEVELOPMENT SSESSION,1,Lot,8900.00,Awarded,5102160,PROCUREMENT OF FUEL INTENDED FOR THE CONDUCT OF FAMILY DEVELOPMENT SESSION AND YOUTH DEVELOPMENT SESSSION AND YOUTH DEVELOPMENT SSESSION,15000000,Fuels and Fuel Additives and Lubricants and Anti corrosive Materials,02/10/2024,04/09/2024,7144.00,Updated,05/09/2024,09/09/2024,31/12/2024,RCSV PETRON STATION,Philippines,Region IV-B,Palawan,San Vicente,Micro,NULL
"CITY OF GENERAL SANTOS , SOUTH COTABATO",Region XII,South Cotabato,General Santos City,Executive,Department,National Government Agencies (NGA),0,DRP24-02-028 FUEL,Goods,Direct Retail Purchase of POL and Airline Tickets (Sec. 53.14),Fuels/Fuel Additives & Lubricants & Anti Corrosive,Government of the Philippines (GOP),Budget for the Contract Approved by the Sanggunian,Implementing Rules and Regulations,247370.00,NULL,NULL,South Cotabato,1,NULL,1,FUEL(PETROLEUM),DIESOLINE-236480.00/GASOLINE-10890.00,1,Lot,247370.00,Awarded,5156020,DRP24-02-028 FUEL,15000000,Fuels and Fuel Additives and Lubricants and Anti corrosive Materials,05/11/2024,07/03/2024,247370.00,Posted,NULL,NULL,NULL,"MI-MANA PETRON GAS STATION, INC.",Philippines,Region XII,South Cotabato,General Santos City,Micro,NULL
"MUNICIPALITY OF UBAY, BOHOL",Region VII,Bohol,Ubay,Executive,Municipal Government,Local Government Units (LGU),0,"GASOLINE, OIL AND LUBRICANTS FOR FEBRUARY 2024",Goods,Direct Retail Purchase of POL and Airline Tickets (Sec. 53.14),Fuels/Fuel Additives & Lubricants & Anti Corrosive,Government of the Philippines (GOP),Budget for the Contract Approved by the Sanggunian,Implementing Rules and Regulations,660370.00,NULL,NULL,Bohol,1,NULL,1,FUEL,"Gasoline, Oil and Lubricants",1,Lot,660370.00,Awarded,4666751,"GASOLINE, OIL AND LUBRICANTS FOR FEBRUARY 2024",15000000,Fuels and Fuel Additives and Lubricants and Anti corrosive Materials,08/11/2024,26/01/2024,660370.00,Posted,NULL,NULL,NULL,CRU SHELL STATION,Philippines,Region VII,Bohol,Ubay,Micro,NULL
"MUNICIPALITY OF NABUNTURAN, COMPOSTELA VALLEY",Region XI,Davao de Oro (Compos. Valley),Nabunturan,Executive,Municipal Government,Local Government Units (LGU),0,Fuel (Diesel),Goods,Direct Retail Purchase of POL and Airline Tickets (Sec. 53.14),Fuels/Fuel Additives & Lubricants & Anti Corrosive,Government of the Philippines (GOP),Budget for the Contract Approved by the Sanggunian,Implementing Rules and Regulations,199951.22,NULL,NULL,Davao de Oro (Compos. Valley),30,NULL,1,Fuel (Diesel),"Fuel, Oils and Lubricants",2786,Liter,199951.22,Awarded,5170482,Fuel (Diesel),15101505,Diesel fuel,12/11/2024,11/11/2024,199951.22,Updated,12/11/2024,12/11/2024,12/12/2024,ZTC GASOLINE STATION,Philippines,Region XI,Davao de Oro (Compos. Valley),Nabunturan,Medium,NULL
PROVINCE OF AURORA,Region III,Aurora,Baler,Executive,Provincial Government,Local Government Units (LGU),0,SUPPLY AND DELIVERY OF CATERING SERVICES AND LEASE OF ACCOMMODATION,Goods,Direct Retail Purchase of POL and Airline Tickets (Sec. 53.14),Lease and Rental of Property or Building,Government of the Philippines (GOP),Budget for the Contract Approved by the Sanggunian,Implementing Rules and Regulations,85920.00,01/10/2024,NULL,NULL,NULL,NULL,1,SUPPLY AND DELIVERY OF CATERING SERVICES AND LEASE,MEALS AND ACCOMMODATION,1,Lot,85920.00,Awarded,5098671,SUPPLY AND DELIVERY OF CATERING SERVICES AND LEASE OF ACCOMMODATION,80131500,Lease and rental of property or building,01/10/2024,12/08/2024,71400.00,Posted,NULL,NULL,NULL,CARLITOS INN,Philippines,Region III,Aurora,Baler,Micro,NULL
PROVINCE OF AURORA,Region III,Aurora,Baler,Executive,Provincial Government,Local Government Units (LGU),0,SUPPLY OF FUEL,Goods,Direct Retail Purchase of POL and Airline Tickets (Sec. 53.14),Fuels/Fuel Additives & Lubricants & Anti Corrosive,Government of the Philippines (GOP),Budget for the Contract Approved by the Sanggunian,Implementing Rules and Regulations,345800.00,NULL,NULL,NULL,NULL,NULL,1,SUPPLY OF FUEL,DIESEL,1,Lot,345800.00,Awarded,5271406,SUPPLY OF FUEL,15000000,Fuels and Fuel Additives and Lubricants and Anti corrosive Materials,27/12/2024,16/10/2024,218000.00,Posted,NULL,NULL,NULL,EXSON ENTERPRISES COMPANY,Philippines,Region III,Aurora,Baler,Micro,NULL
"CITY OF ALAMINOS, PANGASINAN",Region I,Pangasinan,Alaminos City,Executive,City Government,Local Government Units (LGU),0,"Procurement of fuel for the daily operation of various city government official vehicles, heavy equipment and other machineries",Goods,Direct Retail Purchase of POL and Airline Tickets (Sec. 53.14),Fuels/Fuel Additives & Lubricants & Anti Corrosive,Government of the Philippines (GOP),Budget for the Contract Approved by the Sanggunian,Implementing Rules and Regulations,384468.64,NULL,NULL,Pangasinan,5,NULL,1,fuel,"Procurement of fuel for the daily operation of various city government official vehicles, heavy equipment and other machineries",1,Lot,384468.64,Awarded,5119530,"Procurement of fuel for the daily operation of various city government official vehicles, heavy equipment and other machineries",15000000,Fuels and Fuel Additives and Lubricants and Anti corrosive Materials,11/10/2024,30/09/2024,384468.64,Updated,01/10/2024,01/10/2024,07/10/2024,RAEL KITZ CORPORATION,Philippines,Region I,Pangasinan,Calasiao,Micro,NULL
"MUNICIPALITY OF PINABACDAO, SAMAR",Region VIII,Samar,Pinabacdao,Executive,Municipal Government,Local Government Units (LGU),0,"DIRECT POL September 16 to 30, 2024",Goods,Direct Retail Purchase of POL and Airline Tickets (Sec. 53.14),Fuels/Fuel Additives & Lubricants & Anti Corrosive,Government of the Philippines (GOP),Budget for the Contract Approved by the Sanggunian,Implementing Rules and Regulations,120394.45,19/11/2024,NULL,Samar,15,NULL,1,"DIRECT POL September 16 to 30, 2024","DIRECT POL September 16 to 30, 2024 Diesel 1,765 Liters Gasoline 156 Liters",1921,Liter,120394.45,Awarded,5182803,"DIRECT POL September 16 to 30, 2024",15100000,Fuels,19/11/2024,16/09/2024,120394.45,Updated,16/09/2024,16/09/2024,30/09/2024,OCASLA GASOLINE FILLING STATION,Philippines,Region VIII,Samar,Sta. Rita,Micro,NULL
"CITY OF TAGUM, DAVAO DEL NORTE",Region XI,Davao Del Norte,Tagum City,Executive,City Government,Local Government Units (LGU),0,FUEL (PR100-24-10-02900),Goods,Direct Retail Purchase of POL and Airline Tickets (Sec. 53.14),Fuels/Fuel Additives & Lubricants & Anti Corrosive,Government of the Philippines (GOP),Budget for the Contract Approved by the Sanggunian,Implementing Rules and Regulations,127503.60,NULL,NULL,Davao Del Norte,31,NULL,1,FUEL,"FOR THE USE OF CMO - GENDER & DEVELOPMENT SECTION FOR THE MONTH OF JUNE, JULY & AUGUST 2024",3,Lot,127503.60,Awarded,5154504,FUEL (PR100-24-10-02900),15100000,Fuels,04/11/2024,01/10/2024,127503.60,Updated,01/10/2024,31/10/2024,31/10/2024,ASF SUPER GAS CORP.,Philippines,Region XI,Davao de Oro (Compos. Valley),Pantukan,Large,NULL
"CITY OF TAGUM, DAVAO DEL NORTE",Region XI,Davao Del Norte,Tagum City,Executive,City Government,Local Government Units (LGU),0,FUEL (PR100-24-09-02718),Goods,Direct Retail Purchase of POL and Airline Tickets (Sec. 53.14),Fuels/Fuel Additives & Lubricants & Anti Corrosive,Government of the Philippines (GOP),Budget for the Contract Approved by the Sanggunian,Implementing Rules and Regulations,164425.44,NULL,NULL,Davao Del Norte,31,NULL,1,FUEL,FOR THE USE OF CMO - FOR THE MONTH OF OCTOBER - DECEMBER 2024,3,Lot,164425.44,Awarded,5103734,FUEL (PR100-24-09-02718),15100000,Fuels,03/10/2024,01/10/2024,164425.44,Updated,01/10/2024,31/12/2024,31/12/2024,ASF SUPER GAS CORP.,Philippines,Region XI,Davao de Oro (Compos. Valley),Pantukan,Large,NULL
TERESA ELEMENTARY SCHOOL - TERESA RIZAL,Region IV-A,Rizal,Teresa,Executive,Elementary,National Government Agencies (NGA),0,0 Unit SUPPLY AND DELIVERY OF OTHER SUPPLIES FOR PRINTING,Goods,Shopping - Unforeseen Contingency (Sec. 52.1.a),Printing Supplies,Government of the Philippines (GOP),General Appropriations Act,Implementing Rules and Regulations,51900.00,07/11/2024,NULL,Rizal,5,NULL,1,SUPPLY AND DELIVERY OF OTHER SUPPLIES FOR PRINTING,"MATATAG MATERIALS FOR KINDER, GRADES 1 & 4 (EXCESS FUND)",0,Unit,51900.00,Awarded,5162858,0 Unit SUPPLY AND DELIVERY OF OTHER SUPPLIES FOR PRINTING,44103100,Printer and facsimile and photocopier supplies,07/11/2024,29/10/2024,43399.00,Updated,29/10/2024,29/10/2024,11/11/2024,LAMN OFFICE AND SCHOOL SUPPLIES TRADING,Philippines,Region IV-A,Rizal,Morong,Micro,NULL
"CITY  OF LA CARLOTA, NEGROS OCCIDENTAL",Region VI,Negros Occidental,La Carlota City,Executive,City Government,Local Government Units (LGU),0,1 Lot Repair & Maintenance of Fire/Rescue Equipment,Goods,Shopping - Unforeseen Contingency (Sec. 52.1.a),Construction Materials and Supplies,Government of the Philippines (GOP),Budget for the Contract Approved by the Sanggunian,Implementing Rules and Regulations,390310.75,NULL,NULL,Negros Occidental,7,NULL,1,Repair & Maintenance of Fire/Rescue Equipment,"The procurement of various materials to RIOS Hardware & Construction Supply for the use of CDRRMO, La Carlota City",1,Lot,390310.75,Awarded,5182981,1 Lot Repair & Maintenance of Fire/Rescue Equipment,60106102,Construction teaching aids or materials,19/11/2024,21/10/2024,177815.00,Posted,NULL,NULL,NULL,RIOS HARDWARE AND CONSTRUCTION SUPPLY,Philippines,Negros Island Region,Negros Occidental,La Carlota City,Micro,NULL
"MUNICIPALITY OF TAYASAN, NEGROS ORIENTAL",Region VII,Negros Oriental,Tayasan,Executive,Municipal Government,Local Government Units (LGU),0,1 Lot Motor Vehicle Parts,Goods,Shopping - Unforeseen Contingency (Sec. 52.1.a),Vehicle Parts and Accessories,Government of the Philippines (GOP),Budget for the Contract Approved by the Sanggunian,Implementing Rules and Regulations,62400.00,NULL,NULL,Negros Oriental,7,NULL,1,Motor Vehicle Parts,Used for the Maintenance of Municipal Vehicle KIA w/ plate no. SKK-685,1,Lot,62400.00,Awarded,5211927,1 Lot Motor Vehicle Parts,78181500,Vehicle maintenance and repair services,03/12/2024,07/11/2024,62400.00,Posted,NULL,NULL,NULL,3G AUTO PARTS TRADING,Philippines,Negros Island Region,Negros Oriental,Dumaguete City,Micro,NULL
SAN ISIDRO ELEMENTARY SCHOOL - TAYTAY RIZAL,Region IV-A,Rizal,Taytay,Executive,Elementary,National Government Agencies (NGA),0,1 Lot RFQ-2024-09-001,Goods,Shopping - Unforeseen Contingency (Sec. 52.1.a),Office Equipment Supplies and Consumables,Government of the Philippines (GOP),General Appropriations Act,Implementing Rules and Regulations,79561.00,17/12/2024,NULL,Rizal,10,NULL,1,RFQ-2024-09-001,SUPPLY AND DELIVERY TO SAN ISIDRO ELEMENTARY SCHOOL OF OFFICE SUPPLIES AND EQUIPMENT ,1,Lot,79561.00,Awarded,5249587,1 Lot RFQ-2024-09-001,44000000,Office Equipment and Accessories and Supplies,17/12/2024,26/11/2024,78881.00,Updated,27/11/2024,26/11/2024,10/12/2024,KARSEP GEN. MERCHANDISE,Philippines,Region IV-A,Rizal,Binangonan,Micro,NULL
"MUNICIPALITY OF KABACAN, COTABATO",Region XII,Cotabato,Kabacan,Executive,Municipal Government,Local Government Units (LGU),0,1 Lot Venue rental for childrens congress,Goods,Shopping - Unforeseen Contingency (Sec. 52.1.a),"Travel, Food, Lodging and Entertainment Services",Government of the Philippines (GOP),Budget for the Contract Approved by the Sanggunian,Implementing Rules and Regulations,20000.00,NULL,NULL,Cotabato,2,NULL,1,Venue rental for childrens congress,Venue rental for childrens congress,1,Lot,20000.00,Awarded,5246486,1 Lot Venue rental for childrens congress,90111600,Meeting facilities,16/12/2024,05/12/2024,20000.00,Posted,NULL,NULL,NULL,WATERLAND RESORT,Philippines,Region XII,Cotabato,Kabacan,Medium,NULL
MUNICIPALITY OF BATARAZA,Region IV-B,Palawan,Bataraza,Executive,Municipal Government,Local Government Units (LGU),0,43 Book LEARNING MATERIALS,Goods,Shopping - Unforeseen Contingency (Sec. 52.1.a),"Books, Maps and Other Publications",Government of the Philippines (GOP),Budget for the Contract Approved by the Sanggunian,Implementing Rules and Regulations,61640.00,11/12/2024,NULL,Palawan,14,NULL,1,LEARNING MATERIALS,1 2 PCS Language Programs and Policies in Multilingual Societes 2 2 PCS Manual of Steel Design and Construction 3 2 PCS Philippine Literature 4 2 PCS Essay in Literacy Criticism by Jose Garcia Villa 5 2 PCS Assessment in Learning 1 6 2 PCS English fo,43,Book,61640.00,Awarded,5235035,43 Book LEARNING MATERIALS,14000000,Paper Materials and Products,11/12/2024,04/12/2024,61640.00,Posted,NULL,NULL,NULL,BLOOM OFFICE SUPPLIES TRADING,Philippines,Region IV-B,Palawan,Bataraza,Micro,NULL
"MUNICIPALITY OF TAYASAN, NEGROS ORIENTAL",Region VII,Negros Oriental,Tayasan,Executive,Municipal Government,Local Government Units (LGU),0,1 Lot Ballpen and Brwon Envelope Long,Goods,Shopping - Unforeseen Contingency (Sec. 52.1.a),Office Supplies and Devices,Government of the Philippines (GOP),Budget for the Contract Approved by the Sanggunian,Implementing Rules and Regulations,1180.00,NULL,NULL,Negros Oriental,7,NULL,1,Ballpen and Brwon Envelope Long,"Materials to be used for the Workshop on Enhancing Nutrition Action Plan with the integration of the Nutrition in Emergency Plan and Budget in the Barangay level on November 11-12, 2024",1,Lot,1180.00,Awarded,5182801,1 Lot Ballpen and Brwon Envelope Long,44000000,Office Equipment and Accessories and Supplies,20/11/2024,08/11/2024,1034.00,Posted,NULL,NULL,NULL,AMIE AND JHULS AJ GENERAL MERCHANDISE,Philippines,Negros Island Region,Negros Oriental,Tayasan,Micro,NULL
"BIENVENIDO R. FOJAS MEMORIAL ELEMENTARY SCHOOL - TANZA,CAVIT",Region IV-A,Cavite,Tanza,Executive,Elementary,National Government Agencies (NGA),0,2325 Set TETS PAPER,Goods,Shopping - Unforeseen Contingency (Sec. 52.1.a),Printing Services,Government of the Philippines (GOP),General Appropriations Act,Implementing Rules and Regulations,69750.00,24/10/2024,NULL,Cavite,7,NULL,1,TETS PAPER,REPRODUCTION OF TEST PAPER,2325,Set,69750.00,Awarded,5060854,2325 Set TETS PAPER,82121500,Printing,24/10/2024,01/10/2024,58125.00,Posted,NULL,NULL,NULL,RONDAEL GRAPHIC ARTS DESIGN AND SUPPLIES,Philippines,Region IV-A,Cavite,Dasmariñas City,Micro,NULL
"MUNICIPALITY OF SAN MIGUEL, ILOILO",Region VI,Iloilo,San Miguel,Executive,Municipal Government,Local Government Units (LGU),0,1 Lot PURCHASE OF SNACKS  INTENDED FOR THE VARIOUS ACTIV,Goods,Shopping - Unforeseen Contingency (Sec. 52.1.a),Catering Services,Government of the Philippines (GOP),Budget for the Contract Approved by the Sanggunian,Implementing Rules and Regulations,24500.00,26/12/2024,NULL,Iloilo,3,NULL,1,PURCHASE OF SNACKS  INTENDED FOR THE VARIOUS ACTIV,SNACKS,1,Lot,24500.00,Awarded,5268041,1 Lot PURCHASE OF SNACKS  INTENDED FOR THE VARIOUS ACTIV,90101603,Catering services,26/12/2024,03/12/2024,23270.00,Posted,NULL,NULL,NULL,REMELS CATERING SERVICES,Philippines,Region VI,Iloilo,San Miguel,Micro,NULL
"CITY  OF LA CARLOTA, NEGROS OCCIDENTAL",Region VI,Negros Occidental,La Carlota City,Executive,City Government,Local Government Units (LGU),0,1 Lot Medical Supplies,Goods,Shopping - Unforeseen Contingency (Sec. 52.1.a),Medical Supplies and Laboratory Instrument,Government of the Philippines (GOP),Budget for the Contract Approved by the Sanggunian,Implementing Rules and Regulations,95800.00,NULL,NULL,Negros Occidental,7,NULL,1,Medical Supplies,The procurement of medical supplies to JNC INTERNATIONAL TRADING for the use of CDRRMO,1,Lot,95800.00,Awarded,5223266,1 Lot Medical Supplies,42000000,Medical Equipment and Accessories and Supplies,06/12/2024,16/10/2024,92000.00,Posted,NULL,NULL,NULL,JNC INTERNATIONAL TRADING,Philippines,Region VIII,Eastern Samar,Borongan,Micro,NULL
PROVINCE OF OCCIDENTAL MINDORO,Region IV-B,Occidental Mindoro,Mamburao,Executive,Provincial Government,Local Government Units (LGU),0,Rario Broadcast / Advertising for use of SPO,Goods,"NP - Scientific, Scholarly/Artistic Work, Exclusive Tech. & Media Service (53.6)",Advertising Agency Services,Government of the Philippines (GOP),Budget for the Contract Approved by the Sanggunian,Implementing Rules and Regulations,150000.00,05/11/2024,NULL,Occidental Mindoro,90,NULL,1,Rario Broadcast / Advertising for use of SPO, ,1,Lot,150000.00,Awarded,4883510,Rario Broadcast / Advertising for use of SPO,60105409,Brand marketing or advertising instructional materials,05/11/2024,01/10/2024,149850.00,Posted,NULL,NULL,NULL,LIGHT ADVERTISING,Philippines,Region IV-B,Occidental Mindoro,Mamburao,Micro,NULL
UNIVERSITY OF THE PHILIPPINES - DILIMAN,NCR,Metro Manila,Quezon City,Executive,State Universities or Colleges (SUC),State Universities and Colleges (SUC),0,Online Research Resources (ASCE eJournals 1983 - Current),Goods,"NP - Scientific, Scholarly/Artistic Work, Exclusive Tech. & Media Service (53.6)","Books, Maps and Other Publications",Government of the Philippines (GOP),General Appropriations Act,Implementing Rules and Regulations,503783.00,21/12/2024,NULL,Metro Manila,1,NULL,1,Online Research Resources (ASCE eJournals 1983 - C,"(January 1, 2025-December 31, 2025)",1,Lot,503783.00,Awarded,5260196,Online Research Resources (ASCE eJournals 1983 - Current),60102300,Reading books and resources,21/12/2024,16/12/2024,503783.00,Updated,16/12/2024,20/12/2024,31/12/2025,LIBTECH SOURCE PHILIPPINES INC.,Philippines,NCR,Metro Manila,Makati City,Micro,NULL
"BARANGAY BEL-AIR, MAKATI CITY",NCR,Metro Manila,Makati City,Executive,Barangay,Local Government Units (LGU),0,Services as Performer/Artist for Bel-Air Concert,Consulting Services,"NP - Scientific, Scholarly/Artistic Work, Exclusive Tech. & Media Service (53.6)","Travel, Food, Lodging and Entertainment Services",Government of the Philippines (GOP),Budget for the Contract Approved by the Sanggunian,Implementing Rules and Regulations,478000.00,NULL,NULL,Metro Manila,1,NULL,1,Procurement of Services as Performer/Artist for Be,Talent-Male Singer Talent-Female Singer Talent-Male Singer  Talent-Female Singer Annotator ,1,Package,478000.00,Awarded,4337189,Services as Performer/Artist for Bel-Air Concert,90000000,Travel and Food and Lodging and Entertainment Services,03/12/2024,27/11/2024,468000.00,Updated,01/12/2024,01/12/2024,01/12/2024,BEA-ELICE EVENTS MANAGEMENT,Philippines,NCR,Metro Manila,Makati City,Micro,NULL
HOME DEVELOPMENT MUTUAL FUND - CALAMBA BRANCH,Region IV-A,Laguna,Calamba City,Executive,Government Owned and/or Controlled Corp.(GOCC),Government Owned and Controlled Corporations (GOCC),0,PROVISION OF PAMBANSANG PABAHAY PARA SA PILIPINO HOUSING (4PH) PROGRAM,Goods,"NP - Scientific, Scholarly/Artistic Work, Exclusive Tech. & Media Service (53.6)",Advertising Agency Services,Government of the Philippines (GOP),Corporate Budget for the Contract Approved by the Board,Implementing Rules and Regulations,743232.00,04/10/2024,NULL,Pampanga,3,NULL,1,PROVISION OF PAMBANSANG PABAHAY PARA SA PILIPINO H,PROVISION OF PAMBANSANG PABAHAY PARA SA PILIPINO HOUSING (4PH) PROGRAM,1,Lot,743232.00,Awarded,5108436,PROVISION OF PAMBANSANG PABAHAY PARA SA PILIPINO HOUSING (4PH) PROGRAM,82100000,Advertising,04/10/2024,05/09/2024,743232.00,Updated,06/09/2024,07/09/2024,06/12/2024,ADWORLD TOTAL ADVERTISING CORP.,Philippines,NCR,Metro Manila,Taguig City,Micro,NULL
NATIONAL IRRIGATION ADMINISTRATION - REGION I,Region I,La Union,Agoo,Executive,Government Owned and/or Controlled Corp.(GOCC),Government Owned and Controlled Corporations (GOCC),0,Printing of Padanum Amianan Newsletter (1st and 2nd Quarter CY 2024),Goods,"NP - Scientific, Scholarly/Artistic Work, Exclusive Tech. & Media Service (53.6)",Printing Services,Government of the Philippines (GOP),Corporate Budget for the Contract Approved by the Board,Implementing Rules and Regulations,175000.00,NULL,NULL,Pangasinan,30,NULL,1,Printing of Padanum Amianan Newsletter (1st and 2n,Printing of Padanum Amianan Newsletter (1st and 2nd Quarter CY 2024),1,Lot,175000.00,Awarded,5102552,Printing of Padanum Amianan Newsletter (1st and 2nd Quarter CY 2024),82121500,Printing,02/10/2024,02/10/2024,120000.00,Updated,02/04/2024,03/04/2024,02/10/2024,AVF PHOTOCOPYING SOLUTIONS,Philippines,Region I,Pangasinan,Dagupan City,Micro,NULL
HOME DEVELOPMENT MUTUAL FUND - CORPORATE HEADQUARTERS,NCR,Metro Manila,Makati City,Executive,Government Owned and/or Controlled Corp.(GOCC),Government Owned and Controlled Corporations (GOCC),0,"Pag-IBIG Fund, CHQ (Provision of Print Media Advertising Placements for the Pag-IBIG Fund Advertising Campaigns in Negros Now Daily)",Goods - General Support Services,"NP - Scientific, Scholarly/Artistic Work, Exclusive Tech. & Media Service (53.6)",Advertising Agency Services,Government of the Philippines (GOP),Corporate Budget for the Contract Approved by the Board,Implementing Rules and Regulations,105000.00,09/10/2024,NULL,Metro Manila,1,NULL,1,Print Advertisement,Provision of Print Media Advertising Placements for the Pag-IBIG Fund Advertising Campaigns in Negros Now Daily,1,Lot,105000.00,Awarded,5116516,"Pag-IBIG Fund, CHQ (Provision of Print Media Advertising Placements for the Pag-IBIG Fund Advertising Campaigns in Negros Now Daily)",82101504,Newspaper advertising,09/10/2024,03/10/2024,105000.00,Updated,13/11/2024,14/11/2024,13/11/2025,NEGROS WEEKLY INC.,Philippines,Region VI,Negros Occidental,Bacolod City,Micro,NULL
UNIVERSITY OF THE PHILIPPINES - DILIMAN,NCR,Metro Manila,Quezon City,Executive,State Universities or Colleges (SUC),State Universities and Colleges (SUC),0,One-year subscription to THE NEW YORK TIMES,Goods,"NP - Scientific, Scholarly/Artistic Work, Exclusive Tech. & Media Service (53.6)","Books, Maps and Other Publications",Government of the Philippines (GOP),General Appropriations Act,Implementing Rules and Regulations,340000.00,02/12/2024,NULL,Metro Manila,1,NULL,1,One-year subscription to THE NEW YORK TIMES,"One-year subscription to THE NEW YORK TIMES (Subscription Period January 1, 2025 -December 31, 2025)",1,Lot,340000.00,Awarded,5208637,One-year subscription to THE NEW YORK TIMES,55111500,Electronic publications and music,02/12/2024,15/11/2024,340000.00,Updated,15/11/2024,26/11/2024,31/12/2025,MEGATEXTS PHIL. INC.,Philippines,Region VII,Cebu,Cebu City,Micro,NULL
"MUNICIPALITY OF ROSARIO, BATANGAS",Region IV-A,Batangas,Rosario,Executive,Municipal Government,Local Government Units (LGU),0,Publication of Ordinance No. 871-2024,Goods,"NP - Scientific, Scholarly/Artistic Work, Exclusive Tech. & Media Service (53.6)",Newspapers,Government of the Philippines (GOP),Budget for the Contract Approved by the Sanggunian,Implementing Rules and Regulations,178500.00,29/10/2024,NULL,Batangas,NULL,NULL,1,Newspaper,Publication of Ordinance No. 871-2024,1,Lump Sum,178500.00,Awarded,5148334,Publication of Ordinance No. 871-2024,55101504,Newspapers,29/10/2024,07/10/2024,175000.00,Posted,NULL,NULL,NULL,"SUN STAR PEOPLES COURIER ,INC.",Philippines,Region IV-A,Batangas,Batangas City,Micro,NULL
BANGKO SENTRAL NG PILIPINAS,NCR,Metro Manila,Manila,Executive,Government Owned and/or Controlled Corp.(GOCC),Government Owned and Controlled Corporations (GOCC),0,"One (1) Lot - Multi-Year Subscription to Emerging Portfolio Fund Research (EPFR) Global’ s Asia-Pacific Data Package, as per BSP Terms of Reference",Goods,"NP - Scientific, Scholarly/Artistic Work, Exclusive Tech. & Media Service (53.6)",Information Technology,Government of the Philippines (GOP),Corporate Budget for the Contract Approved by the Board,Implementing Rules and Regulations,16531818.29,NULL,NULL,Metro Manila,3,NULL,1,Emerging Portfolio Fund Research (EPFR),"One (1) Lot - Multi-Year Subscription to Emerging Portfolio Fund Research (EPFR) Global’ s Asia-Pacific Data Package, as per BSP Terms of Reference",1,Lot,16531818.29,Awarded,5268921,"One (1) Lot - Multi-Year Subscription to Emerging Portfolio Fund Research (EPFR) Global’ s Asia-Pacific Data Package, as per BSP Terms of Reference",43000000,Information Technology Broadcasting and Telecommunications,27/12/2024,26/12/2024,NULL,Updated,26/12/2024,01/01/2025,31/12/2027,EPFR INC.,United States,NULL,NULL,NULL,NULL,NULL
UNIVERSITY OF THE PHILIPPINES - DILIMAN,NCR,Metro Manila,Quezon City,Executive,State Universities or Colleges (SUC),State Universities and Colleges (SUC),0,Online Research Resources (Informs PubsOnlin,Goods,"NP - Scientific, Scholarly/Artistic Work, Exclusive Tech. & Media Service (53.6)","Books, Maps and Other Publications",Government of the Philippines (GOP),General Appropriations Act,Implementing Rules and Regulations,600150.00,21/12/2024,NULL,Metro Manila,1,NULL,1,Online Research Resources (Informs PubsOnlin,"(January 1, 2025-December 31, 2025) ",1,Lot,600150.00,Awarded,5260207,Online Research Resources (Informs PubsOnlin,60102300,Reading books and resources,21/12/2024,16/12/2024,600150.00,Updated,16/12/2024,20/12/2024,31/12/2025,MEGATEXTS PHIL. INC.,Philippines,Region VII,Cebu,Cebu City,Micro,NULL
BARANGAY 55 ESTANZA -  LEGAZPI CITY ALBAY,Region V,Albay,Legazpi City,Executive,Barangay,Local Government Units (LGU),0,Construction of Streetlights at Sitio Upper Bagong Sirang,Goods,Renewal of Regular and Recurring Sevices per Appendix 37,Electrical Systems and Lighting Components,Government of the Philippines (GOP),Budget for the Contract Approved by the Sanggunian,Implementing Rules and Regulations,87367.01,NULL,NULL,Albay,7,NULL,1,300W Solar Lamp,Electrical Lightning,5,Piece,87367.01,Awarded,5106457,Construction of Streetlights at Sitio Upper Bagong Sirang,39000000,Electrical Systems and Lighting and Components and Accessories and Supplies,04/10/2024,05/08/2024,86352.40,Posted,NULL,NULL,NULL,DOMAIN CA GENERAL MERCHANDISE,Philippines,Region V,Albay,Ligao City,Micro,NULL
GOVERNMENT SERVICE INSURANCE SYSTEM,NCR,Metro Manila,Pasay City,Executive,Government Owned and/or Controlled Corp.(GOCC),Government Owned and Controlled Corporations (GOCC),0,Renewal re Subscription for the Internet Services,Goods - General Support Services,Renewal of Regular and Recurring Sevices per Appendix 37,Telecommunications Provider,Government of the Philippines (GOP),Corporate Budget for the Contract Approved by the Board,Implementing Rules and Regulations,94040.50,14/10/2024,NULL,NULL,NULL,NULL,1,Renewal re Subscription for the Internet Services,Renewal re Subscription for the Internet Services,1,Lot,94040.50,Awarded,5123795,Renewal re Subscription for the Internet Services,81112100,Internet services,14/10/2024,14/10/2024,94040.50,Updated,14/10/2024,16/10/2024,31/12/2024,"INNOVE COMMUNICATIONS, INC.",Philippines,Region VII,Cebu,Cebu City,Micro,NULL
PHILIPPINE HEALTH INSURANCE CORPORATION - REGION IX,Region IX,Zamboanga Del Sur,Zamboanga City,Executive,Government Owned and/or Controlled Corp.(GOCC),Government Owned and Controlled Corporations (GOCC),0,Renewal of Service Agreement,Goods - General Support Services,Renewal of Regular and Recurring Sevices per Appendix 37,Cargo Forwarding and Hauling Services,Government of the Philippines (GOP),Corporate Budget for the Contract Approved by the Board,Implementing Rules and Regulations,25250.00,NULL,NULL,Zamboanga Sibugay,12,NULL,1,Courier Services,"messengerial and freight services for the transmittal of documents, office supplies, cargoes and equipment ",1,Lot,25250.00,Awarded,5253374,Renewal of Service Agreement,78100000,Mail and cargo transport,18/12/2024,09/12/2024,25250.00,Posted,NULL,NULL,NULL,JRS BUSINESS CORPORATION,Philippines,Region X,Misamis Oriental,Cagayan De Oro City,Medium,NULL
DEPARTMENT OF INFORMATION AND COMMUNICATIONS TECHNOLOGY,NCR,Metro Manila,Quezon City,Executive,Department,National Government Agencies (NGA),0,Contract Renewal Agreement for the Lease of 1GB IP transport for Regional Government Network Locations,Goods,Renewal of Regular and Recurring Sevices per Appendix 37,Telecommunications Provider,Government of the Philippines (GOP),General Appropriations Act,Implementing Rules and Regulations,6652800.00,NULL,NULL,Metro Manila,12,NULL,1,Renewal of 1GB IP Transport,Lease of 1GB IP transport for Regional Government Network Locations,1,Lot,6652800.00,Awarded,5038106,Contract Renewal Agreement for the Lease of 1GB IP transport for Regional Government Network Locations,43000000,Information Technology Broadcasting and Telecommunications,08/10/2024,25/09/2024,6652800.00,Updated,07/10/2024,01/10/2024,31/10/2025,PLDT INC.,Philippines,NCR,Metro Manila,Makati City,Micro,NULL
ADVANCED SCIENCE AND TECHNOLOGY INSTITUTE,NCR,Metro Manila,Quezon City,Executive,Bureau,National Government Agencies (NGA),0,Contract Extension of Local Transport - University of the Philippines (UP) Iloilo 5Mbps,Goods,Renewal of Regular and Recurring Sevices per Appendix 37,Internet Services,Government of the Philippines (GOP),General Appropriations Act,Implementing Rules and Regulations,443976.00,02/10/2024,NULL,NULL,NULL,NULL,1,Contract Extension of Local Transport - University,Contract Extension of Local Transport - University of the Philippines (UP) Iloilo 5Mbps (Jan 1-March 2024),3,Lot,443976.00,Awarded,5103201,Contract Extension of Local Transport - University of the Philippines (UP) Iloilo 5Mbps,81112100,Internet services,02/10/2024,08/03/2024,443976.00,Posted,NULL,NULL,NULL,"INNOVE COMMUNICATIONS, INC.",Philippines,Region VII,Cebu,Cebu City,Micro,NULL
DEPARTMENT OF INFORMATION AND COMMUNICATIONS TECHNOLOGY,NCR,Metro Manila,Quezon City,Executive,Department,National Government Agencies (NGA),0,PROVISION OF INTERNET CONNECTIVITY SERVICES (PICS) IN STATE UNIVERSITIES AND COLLEGES (SUC) PHASE 1 – LOT A,Goods,Renewal of Regular and Recurring Sevices per Appendix 37,Internet Services,Government of the Philippines (GOP),General Appropriations Act,Implementing Rules and Regulations,29704885.06,NULL,NULL,Philippines,4,NULL,1,Internet Service,PROVISION OF INTERNET CONNECTIVITY SERVICES (PICS) IN STATE UNIVERSITIES AND COLLEGES (SUC) PHASE 1 – LOT A,1,Lot,29704885.06,Awarded,5192746,PROVISION OF INTERNET CONNECTIVITY SERVICES (PICS) IN STATE UNIVERSITIES AND COLLEGES (SUC) PHASE 1 – LOT A,43000000,Information Technology Broadcasting and Telecommunications,28/11/2024,05/11/2024,29704885.06,Updated,08/11/2024,06/11/2024,09/03/2025,"WE ARE IT PHILIPPINES, INC.",Philippines,NCR,Metro Manila,Mandaluyong City,Large,NULL
"BARANGAY SALOY, DAVAO, DAVAO DEL SUR",Region XI,Davao Del Sur,Davao City,Executive,Barangay,Local Government Units (LGU),0,PROCUREMENT OF BARANGAY OFFICE SUPPLIES AND EQUIPMENT,Goods,Renewal of Regular and Recurring Sevices per Appendix 37,Office Equipment Supplies and Consumables,Government of the Philippines (GOP),General Appropriations Act,Implementing Rules and Regulations,622629.00,24/12/2024,NULL,Davao Del Sur,15,NULL,1,PROCUREMENT OF BARANGAY OFFICE SUPPLIES AND EQUIPM,Office Supplies and office Equipment,1,Lot,622629.00,Awarded,5264753,PROCUREMENT OF BARANGAY OFFICE SUPPLIES AND EQUIPMENT,44000000,Office Equipment and Accessories and Supplies,24/12/2024,24/12/2024,NULL,Posted,NULL,NULL,NULL,CY ACE CONSUMER GOODS TRADING,Philippines,Region XI,Davao Del Sur,Davao City,Micro,NULL
DEPARTMENT OF HUMAN SETTLEMENTS AND URBAN DEVELOPMENT  - DAV,Region XI,Davao Del Sur,Davao City,Executive,Department,National Government Agencies (NGA),0,Contract of Janitorial Services - 4PH PMO,Goods - General Support Services,Renewal of Regular and Recurring Sevices per Appendix 37,Janitorial Services,Government of the Philippines (GOP),General Appropriations Act,Implementing Rules and Regulations,185547.00,27/12/2024,NULL,Davao Del Sur,12,NULL,1,Contract of Janitorial Services - 4PH PMO,"one janitor for the period January 1, 2025 to December 31, 2025",1,Unit,185547.00,Awarded,5271809,Contract of Janitorial Services - 4PH PMO,76110000,Cleaning and janitorial services,27/12/2024,12/12/2024,185547.00,Posted,NULL,NULL,NULL,ATWORK MANPOWER AND GENERAL SERVICES,Philippines,Region XI,Davao Del Sur,Davao City,Medium,NULL
"MUNICIPALITY OF MAKATO, AKLAN",Region VI,Aklan,Makato,Executive,Municipal Government,Local Government Units (LGU),0,"Road Opening in Canasa West Brgy. Libang, Makato, Aklan",Civil Works,Renewal of Regular and Recurring Sevices per Appendix 37,Construction Projects,Government of the Philippines (GOP),General Appropriations Act,Implementing Rules and Regulations,1000000.00,18/12/2024,NULL,Aklan,20,NULL,1,Civil Works ,Construction Projects ,1,Package,1000000.00,Awarded,5252672,"Road Opening in Canasa West Brgy. Libang, Makato, Aklan",72000000,Building and Facility Construction and Maintenance Services,18/12/2024,30/09/2024,999244.39,Updated,03/10/2024,18/09/2024,18/09/2025,J.C. TAMAYO ENTERPRISES,Philippines,Region VI,Aklan,Kalibo,Micro,NULL
DEPARTMENT OF THE INTERIOR AND LOCAL GOVERNMENT - CAVITE,Region IV-A,Cavite,Trece Martirez City,Executive,Department,National Government Agencies (NGA),0,CONDUCT OF SUBAYBAYANI AWARDS,Goods,Renewal of Regular and Recurring Sevices per Appendix 37,Hotel and Lodging and Meeting Facilities,Government of the Philippines (GOP),General Appropriations Act,Implementing Rules and Regulations,408300.00,NULL,NULL,Cavite,3,NULL,1,MEALS AND ACCOMMODATION,FOR THE CONDUCT OF CALABARZON SUBAYBAYANI AWARDS,128,Each,408300.00,Awarded,5135192,CONDUCT OF SUBAYBAYANI AWARDS,90110000,Hotels and lodging and meeting facilities,21/10/2024,21/10/2024,408300.00,Posted,NULL,NULL,NULL,HOTEL CASIANA OPC,Philippines,Region IV-A,Cavite,Tagaytay City,Large,NULL
"DEPARTMENT OF ENVIRONMENT AND NATURAL RES. - PENRO, BUKIDNON",Region X,Bukidnon,Malaybalay City,Executive,Department,National Government Agencies (NGA),0,eNGP YEAR 3 MAINTENANCE AND PROTECTION UNDER THE AOR OF MT. KALATUNGAN RNP,Goods,Negotiated Procurement - Community Participation (Sec. 53.12),"Agricultural Products (Seeds, Seedlings, Plants..)",Government of the Philippines (GOP),National Expenditure Program (NEP) for the suceeding year - Single Year,Implementing Rules and Regulations,300000.00,31/10/2024,07/11/2024,Bukidnon,12,Month/s,2,"eNGP Year3 M&P located at Mt. Nebo, Valencia City","eNGP Year 3 Maintenance and Protection Activity located at Sitio Migtulod, Mt. Nebo, Valencia City, Bukidnon",30,Hectare,180000.00,Awarded,5607336,"eNGP Year3 M&P located at Mt. Nebo, Valencia City",21101601,Planters,25/06/2025,26/03/2025,180000.00,Updated,28/03/2025,08/11/2024,31/12/2025,"BAYAWON LUCDAY LUNGAYAN PENDONAY TANDACOL TRIBAL ASSOCIATION, INC.",Philippines,Region X,Bukidnon,Valencia City,Micro,NULL
"DEPARTMENT OF ENVIRONMENT AND NATURAL RES. - CENRO, MALAYBAL",Region X,Bukidnon,Malaybalay City,Executive,Department,National Government Agencies (NGA),0,"Year 2 maintenance and protection in Buco, Banlag, Valencia City, Bukidnon (Bamboo)",Goods,Negotiated Procurement - Community Participation (Sec. 53.12),"Agricultural Products (Seeds, Seedlings, Plants..)",Government of the Philippines (GOP),National Expenditure Program (NEP) for the suceeding year - Single Year,Implementing Rules and Regulations,60000.00,15/10/2024,18/10/2024,Bukidnon,365,Day/s,1,eNGP Year 2 Maintenance and Protection (Ring weedi,"eNGP Year 2 Maintenance and Protection (Ring weeding/brushing, patrol work, maintenance of firelines, replanting, pest and disease control, conduct of geotagging, setting up of pole/markers to mark the boundaries of NGP sites and or signages)",10,Hectare,60000.00,Awarded,5441384,eNGP Year 2 Maintenance and Protection (Ring weedi,70151800,Forestry conservation services,26/03/2025,04/03/2025,60000.00,Updated,17/03/2025,17/03/2025,31/12/2025,"KEMALANI FARMERS ASSOCIATION (KFA),INC.",Philippines,Region X,Bukidnon,Quezon,Micro,NULL
DEPARTMENT OF EDUCATION - DIVISION OF MASBATE CITY,Region V,Masbate,Masbate City,Executive,Department,National Government Agencies (NGA),0,RFQ 2024-11-344 Purchase and Delivery of Sterilized Carabao's Milk in the Implementation of School-Based Feeding Program FY 2024,Goods,Negotiated Procurement - Community Participation (Sec. 53.12),Dairy Products,Government of the Philippines (GOP),General Appropriations Act,Implementing Rules and Regulations,14321494.00,07/11/2024,15/11/2024,Masbate,120,Day/s,1,RFQ 2024-11-344,Purchase and Delivery of Sterilized Carabao's Milk,650977,Can,14321494.00,Awarded,5263034,RFQ 2024-11-344,50131700,Milk and butter products,23/12/2024,29/11/2024,14321494.00,Updated,31/01/2025,31/01/2025,30/05/2025,LICAONG AGRICULTURE COOPERATIVE,Philippines,Region III,Nueva Ecija,Science City of Muñoz,Micro,NULL
"BARANGAY CANTANDOG I, HILONGOS, LEYTE",Region VIII,Leyte,Hilongos,Executive,Barangay,Local Government Units (LGU),0,Purchase of Supplies and Materials,Goods,Negotiated Procurement - Community Participation (Sec. 53.12),Office Equipment Supplies and Consumables,Government of the Philippines (GOP),Budget for the Contract Approved by the Sanggunian,Implementing Rules and Regulations,50000.00,24/10/2024,31/10/2024,Leyte,10,Day/s,1,Purchase of Supplies and Materials,Supplies and Materials,1,Lot,50000.00,Closed,NULL,NULL,NULL,NULL,NULL,NULL,NULL,NULL,NULL,NULL,NULL,NULL,NULL,NULL,NULL,NULL,NULL,NULL
DEPARTMENT OF ENVIRONMENT AND NATURAL RES. - PENRO PAMPANGA,Region III,Pampanga,Guagua,Executive,Department,National Government Agencies (NGA),0,Rehabilitation of Streambanks thru Bamboo Plantation within Porac-Gumain River Basin in Lubao and Floridablanca Pampanga for FY 2025,Goods - General Support Services,Negotiated Procurement - Community Participation (Sec. 53.12),Environmental Health/Safety Equipment,Government of the Philippines (GOP),General Appropriations Act,Implementing Rules and Regulations,2000000.00,19/11/2024,25/11/2024,Pampanga,8,Month/s,NULL,NULL,NULL,NULL,NULL,NULL,Closed,NULL,NULL,NULL,NULL,NULL,NULL,NULL,NULL,NULL,NULL,NULL,NULL,NULL,NULL,NULL,NULL,NULL,NULL
DEPARTMENT OF ENVIRONMENT AND NATURAL RES. - LAGANGILANG,CAR,Abra,Bangued,Executive,Department,National Government Agencies (NGA),0,"Seedling Production, Plantation Establishment and 3Years Maintenance and Protection for NGP2023 of CENRO Bangued (Year2 Maintenance and Protection for CY2024 of ENGP2023 Established Plantation)",Goods,Negotiated Procurement - Community Participation (Sec. 53.12),"Agricultural Products (Seeds, Seedlings, Plants..)",Government of the Philippines (GOP),General Appropriations Act,Implementing Rules and Regulations,1718400.00,01/12/2024,03/12/2024,Abra,3,Day/s,3,ENGP2023- Year 2 Maintenance&Protection for CY2024,Maintenance and Protection Year 2 of ENGP 2023,2,Hectare,10000.00,Awarded,5242928,ENGP2023- Year 2 Maintenance&Protection for CY2024,77000000,Environmental Services,14/12/2024,10/12/2024,10000.00,Updated,10/12/2024,10/12/2024,31/12/2024,BARANGAY NAGAPARAN MAPASO ASSOCIATION INCORPORATED,Philippines,CAR,Abra,Danglas,Micro,NULL
DEPARTMENT OF EDUCATION - DIVISION OF ALBAY,Region V,Albay,Legazpi City,Executive,Department,National Government Agencies (NGA),0,Procurement of Pasteurized and Sterilized Milk Products for the Implementation of SBFP Milk Component for SY 2024-25 (Lot 10),Goods,Negotiated Procurement - Community Participation (Sec. 53.12),Dairy Products,Government of the Philippines (GOP),General Appropriations Act,Implementing Rules and Regulations,694134.00,13/12/2024,19/12/2024,Albay,0,Day/s,1,Implementation of SBFP Milk Component (Lot 10),Procurement of Pasteurized and Sterilized Milk Products for the Implementation of SBFP Milk Component for SY 2024-25 (Lot 10),1,Lot,694134.00,Awarded,5349858,Implementation of SBFP Milk Component (Lot 10),50130000,Dairy products and eggs,05/02/2025,27/12/2024,694134.00,Updated,15/01/2025,27/12/2024,10/04/2025,GUBAT ST. ANTHONY COOPERATIVE,Philippines,Region V,Sorsogon,Gubat,Micro,NULL
"BARANGAY STA. TERESITA, MANSALAY, ORIENTAL MINDORO",Region IV-B,Oriental Mindoro,Mansalay,Executive,Barangay,Local Government Units (LGU),0,Labor Works for Variation Order,Goods,Negotiated Procurement - Community Participation (Sec. 53.12),Construction Management Services,Government of the Philippines (GOP),General Appropriations Act,Implementing Rules and Regulations,51400.00,23/10/2024,31/10/2024,Oriental Mindoro,7,Day/s,NULL,NULL,NULL,NULL,NULL,NULL,Closed,NULL,NULL,NULL,NULL,NULL,NULL,NULL,NULL,NULL,NULL,NULL,NULL,NULL,NULL,NULL,NULL,NULL,NULL
DEPARTMENT OF EDUCATION - CITY SCHOOLS DIVISION OF DASMARIÑA,Region IV-A,Cavite,Dasmariñas City,Executive,Department,National Government Agencies (NGA),0,CY2024 School-Based Feeding Program - Milk Feeding Component - Supply and Delivery of Unflavored Pasteurized Milk - Lot 1,Goods,Negotiated Procurement - Community Participation (Sec. 53.12),Dairy Products,Government of the Philippines (GOP),General Appropriations Act,Implementing Rules and Regulations,9822834.00,21/11/2024,25/11/2024,Cavite,43,Day/s,1,CY2024 School-Based Feeding Program - Milk Feeding,"CY2024 School-Based Feeding Program Milk Feeding Component - Supply and Delivery of Unflavored Pasteurized Milk - Lot 1, 10,878 Beneficiaries x 43 Feeding Days x PHP21.00 467,754 Packs",1,Lot,9822834.00,Awarded,5216538,CY2024 School-Based Feeding Program - Milk Feeding,50130000,Dairy products and eggs,04/12/2024,27/11/2024,9822834.00,Updated,02/12/2024,02/12/2024,30/04/2025,GEN. TRIAS DAIRY RAISERS MULTI-PURPOSE COOPERATIVE,Philippines,Region IV-A,Cavite,General Trias,Micro,NULL
DEPARTMENT OF EDUCATION - DIVISION OF TAGUM CITY,Region XI,Davao Del Norte,Tagum City,Executive,Attached Agency,National Government Agencies (NGA),0,Procurement of Pasteurized Milk for the School-Based Feeding Program of the Identified Learners of DepEd-Division of Tagum City,Goods,Negotiated Procurement - Community Participation (Sec. 53.12),Dairy Products,Government of the Philippines (GOP),General Appropriations Act,Implementing Rules and Regulations,4695600.00,23/11/2024,26/11/2024,Davao Del Norte,86,Day/s,1,Pasteurized Milk,Pasteurized Milk 200ml (frozen) non-flavored,223600,Pack,4695600.00,Awarded,5345215,Pasteurized Milk,50130000,Dairy products and eggs,03/02/2025,16/12/2024,4695600.00,Updated,16/01/2025,16/01/2025,11/04/2025,DAVAO DEL NORTE FARMER DAIRY COOPERATIVE (DAVNORFADCO),Philippines,Region XI,Davao Del Norte,New Corella,Micro,NULL
"MUNICIPALITY OF TAGOLOAN, MISAMIS ORIENTAL",Region X,Misamis Oriental,Tagoloan,Executive,Municipal Government,Local Government Units (LGU),0,Procurement of Goods Rabies Vaccine for Human,Goods,Negotiated Procurement - Defense Cooperation Agreement (Sec. 53.8),Drugs and Medicines,Government of the Philippines (GOP),Budget for the Contract Approved by the Sanggunian,Implementing Rules and Regulations,620000.00,NULL,NULL,Misamis Oriental,7,NULL,1,Rabies Vaccine for Human,200 vials PVRV/Verorab/Speeda/vial and 1 Other item,1,Lot,620000.00,Awarded,5206791,Procurement of Goods Rabies Vaccine for Human,51000000,Drugs and Pharmaceutical Products,29/11/2024,23/09/2024,618500.00,Updated,18/11/2024,14/11/2024,29/11/2024,PRO MEDIC PHARMA,Philippines,Region X,Misamis Oriental,Cagayan De Oro City,Micro,NULL
"MUNICIPALITY OF TAGOLOAN, MISAMIS ORIENTAL",Region X,Misamis Oriental,Tagoloan,Executive,Municipal Government,Local Government Units (LGU),0,Improvement of Child Development Center/Daycare at Sto. Niño Barangay Baluarte,Civil Works,Negotiated Procurement - Defense Cooperation Agreement (Sec. 53.8),Construction Projects,Government of the Philippines (GOP),Budget for the Contract Approved by the Sanggunian,Implementing Rules and Regulations,700000.00,NULL,NULL,Misamis Oriental,46,NULL,1,Construction projects,1 lot Mobilization/Demobilization and 15 Other Items by Contract,1,Lump Sum,700000.00,Awarded,5118190,Improvement of Child Development Center/Daycare at Sto. Niño Barangay Baluarte,72000000,Building and Facility Construction and Maintenance Services,10/10/2024,29/08/2024,698886.44,Updated,12/09/2024,10/09/2024,15/11/2024,CAGALAWAN ENTERPRISES INC.,Philippines,Region X,Misamis Oriental,Opol,Large,NULL
"BARANGAY STA. MONICA, OTON, ILOILO",Region VI,Iloilo,Oton,Executive,Barangay,Local Government Units (LGU),0,CONSTRUCTION OF ADDITIONAL CONCRETE BLEACHERS OF STA. MONICA MULTI-PURPOSE GYM,Civil Works,Negotiated Procurement - Defense Cooperation Agreement (Sec. 53.8),Construction Materials and Supplies,Government of the Philippines (GOP),Budget for the Contract Approved by the Sanggunian,Implementing Rules and Regulations,899998.19,11/11/2024,NULL,Iloilo,50,NULL,1,CONSTRUCTION OF ADDITIONAL CONCRETE BLEACHERS OF S,ITEM 101 CLEARING AND GRUBBING ITEM 102 EXCAVATION SPCL 1 FILLING MATERIALS ITEM 704 MASONRY WORKS ITEM 1027 CEMENT PLASTER PLAIN FINISH ITEM 900 REINFORCED CONCRETE WORKS ( Floor Slab and Bleachers) SPCL 2 PAINTING WORKS,1,Lot,899998.19,Awarded,5152779,CONSTRUCTION OF ADDITIONAL CONCRETE BLEACHERS OF STA. MONICA MULTI-PURPOSE GYM,72000000,Building and Facility Construction and Maintenance Services,11/11/2024,30/10/2024,899998.19,Posted,NULL,NULL,NULL,MADALOGDOG CONSTRUCTION SERVICES,Philippines,Region VI,Iloilo,Maasin,Micro,NULL
"MUNICIPALITY OF TAGOLOAN, MISAMIS ORIENTAL",Region X,Misamis Oriental,Tagoloan,Executive,Municipal Government,Local Government Units (LGU),0,Repair and Maintenance -School Building & Structure (QUAMC OFFICE),Goods,Negotiated Procurement - Defense Cooperation Agreement (Sec. 53.8),Hardware and Construction Supplies,Government of the Philippines (GOP),Budget for the Contract Approved by the Sanggunian,Implementing Rules and Regulations,332358.50,NULL,NULL,Misamis Oriental,15,NULL,1,Hardware's and Construction Supplies,101 bags Portland Cement and 71 Other Items,1,Lot,332358.50,Awarded,5118060,Repair and Maintenance -School Building & Structure (QUAMC OFFICE),30000000,Structures and Building and Construction and Manufacturing Components and Supplies,10/10/2024,23/09/2024,332039.50,Updated,08/10/2024,07/10/2024,24/10/2024,EC BUILDERS & SUPPLY,Philippines,Region X,Misamis Oriental,Cagayan De Oro City,Micro,NULL
"MUNICIPALITY OF TAGOLOAN, MISAMIS ORIENTAL",Region X,Misamis Oriental,Tagoloan,Executive,Municipal Government,Local Government Units (LGU),0,Purchase Mono-Block Chair w/ Arm Rest,Goods,Negotiated Procurement - Defense Cooperation Agreement (Sec. 53.8),Fixtures,Government of the Philippines (GOP),Budget for the Contract Approved by the Sanggunian,Implementing Rules and Regulations,650000.00,NULL,NULL,Misamis Oriental,15,NULL,1,Fixtures,Mono Block Chair w/Armrest,1,Lot,650000.00,Awarded,5172683,Purchase Mono-Block Chair w/ Arm Rest,56000000,Furniture and Furnishings,13/11/2024,12/12/2023,633750.00,Updated,15/01/2024,11/01/2024,21/02/2024,DIAMOND TRADING,Philippines,Region XI,Davao Del Norte,Tagum City,Micro,NULL
"MUNICIPALITY OF TAGOLOAN, MISAMIS ORIENTAL",Region X,Misamis Oriental,Tagoloan,Executive,Municipal Government,Local Government Units (LGU),0,Construction of 700SQ.M Impounding Facility Riprap Canal and 1000SQ.M Communal Gardening (Materials Only),Goods,Negotiated Procurement - Defense Cooperation Agreement (Sec. 53.8),Hardware and Construction Supplies,Government of the Philippines (GOP),Budget for the Contract Approved by the Sanggunian,Implementing Rules and Regulations,1518050.10,NULL,NULL,Misamis Oriental,7,NULL,1,Hardware's and Construction Supplies,1 sledge Hammer(267 bd.ft. 2x2x20' Coco Lumber and 35 Other Items,1,Lot,1518050.10,Awarded,5161129,Construction of 700SQ.M Impounding Facility Riprap Canal and 1000SQ.M Communal Gardening (Materials Only),30000000,Structures and Building and Construction and Manufacturing Components and Supplies,07/11/2024,03/10/2024,1517592.00,Updated,15/10/2024,14/10/2024,04/11/2024,EC BUILDERS & SUPPLY,Philippines,Region X,Misamis Oriental,Cagayan De Oro City,Micro,NULL
"MUNICIPALITY OF TAGOLOAN, MISAMIS ORIENTAL",Region X,Misamis Oriental,Tagoloan,Executive,Municipal Government,Local Government Units (LGU),0,Procurement of Goods for Improvement of Registrar (Materials Only) for Tagoloan Community College (TCC),Goods,Negotiated Procurement - Defense Cooperation Agreement (Sec. 53.8),Hardware and Construction Supplies,Government of the Philippines (GOP),Budget for the Contract Approved by the Sanggunian,Implementing Rules and Regulations,1007916.00,NULL,NULL,Misamis Oriental,15,NULL,1,Hardware's and Construction Supplies,43 sheet Laminated Marine Plywood 3/4 and 24 Other Items,1,Package,1007916.00,Awarded,5220271,Procurement of Goods for Improvement of Registrar (Materials Only) for Tagoloan Community College (TCC),30000000,Structures and Building and Construction and Manufacturing Components and Supplies,05/12/2024,18/11/2024,1007910.00,Updated,28/11/2024,26/11/2024,26/12/2024,EC BUILDERS & SUPPLY,Philippines,Region X,Misamis Oriental,Cagayan De Oro City,Micro,NULL
"MUNICIPALITY OF TAGOLOAN, MISAMIS ORIENTAL",Region X,Misamis Oriental,Tagoloan,Executive,Municipal Government,Local Government Units (LGU),0,Procurement /Acquisition Generator,Goods,Negotiated Procurement - Defense Cooperation Agreement (Sec. 53.8),Office Equipment,Government of the Philippines (GOP),Budget for the Contract Approved by the Sanggunian,Implementing Rules and Regulations,1500000.00,NULL,NULL,Misamis Oriental,30,NULL,1,Office Equipment,Generator 30 KVA 3 Phase Silent Type with Trailer,3,Unit,1500000.00,Awarded,5207001,Procurement /Acquisition Generator,26000000,Power Generation and Distribution Machinery and Accessories,29/11/2024,29/08/2024,1498500.00,Updated,04/10/2024,30/09/2024,02/01/2025,RCM AUDIO AND LEDWALL PROVIDER,Philippines,Region X,Camiguin,Mambajao,Micro,NULL
"BARANGAY TINAGO, LIGAO CITY",Region V,Albay,Ligao City,Executive,Barangay,Local Government Units (LGU),0,Rehabilitation of Line Canal at Purok 4,Goods,Negotiated Procurement - Defense Cooperation Agreement (Sec. 53.8),Construction Materials and Supplies,Government of the Philippines (GOP),Budget for the Contract Approved by the Sanggunian,Implementing Rules and Regulations,398194.00,NULL,NULL,Albay,7,NULL,1,Rehabilitation of Line Canal at Purok 4,construction materials,374,Bag,398194.00,Awarded,5130787,Rehabilitation of Line Canal at Purok 4,70171800,Drainage services,17/10/2024,17/10/2024,296019.00,Posted,NULL,NULL,NULL,A.M.A CONSTRUCTION SUPPLY,Philippines,Region V,Albay,Oas,Micro,NULL
"BARANGAY SAN VICENTE SOUTH, CALAPAN, ORIENTAL MINDORO",Region IV-B,Oriental Mindoro,Calapan City,Executive,Barangay,Local Government Units (LGU),0,iNFORMATION AND COMMUNICATION TECHNOLOGY SYSTEM & INFRASTRUCTURE DEVELOPMENT PURCHASE & INSTALLATION NOF CLOSED CIRCUIT TELEVISION (CCTV) SURVEILLANCE SYSTEM,Civil Works,Negotiated Procurement - Defense Cooperation Agreement (Sec. 53.8),Electronic Parts and Components,Government of the Philippines (GOP),General Appropriations Act,Implementing Rules and Regulations,1999985.72,03/12/2024,NULL,NULL,NULL,NULL,1,Purchase and Installation of CCTV Surviellance,By contract of procurement of project  units of CCTV Surveillance,42,Unit,1999985.72,Awarded,5211928,iNFORMATION AND COMMUNICATION TECHNOLOGY SYSTEM & INFRASTRUCTURE DEVELOPMENT PURCHASE & INSTALLATION NOF CLOSED CIRCUIT TELEVISION (CCTV) SURVEILLANCE SYSTEM,32000000,Electronic Components and Supplies,03/12/2024,03/12/2024,1996900.82,Updated,03/12/2024,13/12/2024,31/01/2025,876 CONSTRUCTION AND SUPPLY,Philippines,Region IV-B,Oriental Mindoro,Calapan City,Micro,NULL
DEPARTMENT OF EDUCATION,NCR,Metro Manila,Pasig City,Executive,Department,National Government Agencies (NGA),0,Hiring Highly Technical Consultant,Consulting Services,Negotiated Procurement - Highly Technical Consultants (Sec. 53.7),Consulting Services,Government of the Philippines (GOP),General Appropriations Act,Implementing Rules and Regulations,360000.00,11/12/2024,NULL,Metro Manila,6,NULL,1,Hiring Highly Technical Consultant,Hiring Highly Technical Consultant,1,Lot,360000.00,Awarded,5234320,Hiring Highly Technical Consultant,86130000,Specialized educational services,11/12/2024,10/12/2024,360000.00,Updated,21/01/2025,22/01/2025,21/07/2025,MR ADONIS PACLEB DAVID,Philippines,NCR,Metro Manila,Manila,NULL,NULL
PHILIPPINE NATIONAL OIL COMPANY - MAIN OFFICE,NCR,Metro Manila,Taguig City,Executive,Government Owned and/or Controlled Corp.(GOCC),Government Owned and Controlled Corporations (GOCC),0,Highly Technical Consultant for the Office of the President and Board of Directors for Public-Private Partnership,Consulting Services,Negotiated Procurement - Highly Technical Consultants (Sec. 53.7),Consulting Services,Government of the Philippines (GOP),Corporate Budget for the Contract Approved by the Board,Implementing Rules and Regulations,360000.00,10/10/2024,NULL,Metro Manila,6,NULL,1,Highly Technical Consultant,Highly Technical Consultant for the Office of the President and Board of Directors for Public-Private Partnership,1,Lot,360000.00,Awarded,5118095,Highly Technical Consultant for the Office of the President and Board of Directors for Public-Private Partnership,80101508,Business intelligence consulting services,10/10/2024,08/05/2024,360000.00,Updated,09/05/2024,15/05/2024,15/11/2024,ATTORNEY ALBERTO COLLANTES AGRA,Philippines,NCR,Metro Manila,Quezon City,NULL,NULL
SUBIC BAY METROPOLITAN AUTHORITY,Region III,Zambales,Olongapo City,Executive,Government Owned and/or Controlled Corp.(GOCC),Government Owned and Controlled Corporations (GOCC),0,CONSULTANCY AGREEMENT,Consulting Services,Negotiated Procurement - Highly Technical Consultants (Sec. 53.7),Consulting Services,Government of the Philippines (GOP),Corporate Budget for the Contract Approved by the Board,Implementing Rules and Regulations,284000.00,NULL,NULL,Zambales,4,NULL,1,Consultancy Contract,Office Consultancy Services (Highly Technical Consultant) under the Office of the Chairman and Administrator.,1,Lot,284000.00,Awarded,5170311,CONSULTANCY AGREEMENT,80101508,Business intelligence consulting services,12/11/2024,19/09/2024,284000.00,Updated,20/09/2024,20/09/2024,31/12/2024,MS. EVELYN LOZANO NATIVIDAD,Philippines,Region III,Zambales,Olongapo City,NULL,NULL
"CITY OF CEBU, CEBU",Region VII,Cebu,Cebu City,Executive,City Government,Local Government Units (LGU),0,CCMC CONSULTANT IN THE DEPARTMENT OF INTERNAL MEDICINE,Consulting Services,Negotiated Procurement - Highly Technical Consultants (Sec. 53.7),Consulting Services,Government of the Philippines (GOP),Budget for the Contract Approved by the Sanggunian,Implementing Rules and Regulations,192000.00,NULL,NULL,Cebu,6,NULL,1,CCMC CONSULTANT IN THE DEPARTMENT OF INTERNAL MEDI,HIGHLY TECHNICAL CONSULTANT,1,Unit,192000.00,Awarded,5122090,CCMC CONSULTANT IN THE DEPARTMENT OF INTERNAL MEDICINE,85000000,Healthcare Services,13/10/2024,21/06/2024,192000.00,Updated,28/06/2024,01/07/2024,31/12/2024,MS. BERNADETTE MOSCOSO,Philippines,Region VII,Cebu,Cebu City,NULL,NULL
NAYONG PILIPINO FOUNDATION,NCR,Metro Manila,Manila,Executive,Government Owned and/or Controlled Corp.(GOCC),Government Owned and Controlled Corporations (GOCC),0,Engagement of a Highly Technical Consultant for the Research Institute of Nayong Pilipino Foundation,Consulting Services,Negotiated Procurement - Highly Technical Consultants (Sec. 53.7),Consulting Services,Government of the Philippines (GOP),Corporate Budget for the Contract Approved by the Board,Implementing Rules and Regulations,219823.20,NULL,NULL,Metro Manila,NULL,NULL,1,Engagement of a Highly Technical Consultant for th,Engagement of a Highly Technical Consultant for the Research Institute of Nayong Pilipino Foundation,1,Lot,219823.20,Awarded,5242299,Engagement of a Highly Technical Consultant for the Research Institute of Nayong Pilipino Foundation,90151502,Historical or cultural sites,13/12/2024,30/08/2024,219823.20,Updated,30/08/2024,30/08/2024,28/02/2025,MS MARIA KARINA GARILAO,Philippines,NCR,Metro Manila,Parañaque City,NULL,NULL
"MUNICIPALITY OF GINGOOG CITY, MISAMIS ORIENTAL",Region X,Misamis Oriental,Gingoog City,Executive,City Government,Local Government Units (LGU),0,Procurement of Legislative Consultancy Services in order to Fast Track & Legislative Process,Consulting Services,Negotiated Procurement - Highly Technical Consultants (Sec. 53.7),Consulting Services,Government of the Philippines (GOP),Budget for the Contract Approved by the Sanggunian,Implementing Rules and Regulations,240000.00,NULL,NULL,Misamis Oriental,6,NULL,1,Procurement of Legislative Consultancy Services ,in order to Fast Track & Legislative Process,6,Lot,240000.00,Awarded,5109498,Procurement of Legislative Consultancy Services in order to Fast Track & Legislative Process,93101704,Legislative hearings services,07/10/2024,27/06/2024,240000.00,Updated,01/07/2024,01/07/2024,31/12/2024,MR ADONIS SURIO GONZALES,Philippines,Region X,Misamis Oriental,Cagayan De Oro City,NULL,NULL
"CITY OF CEBU, CEBU",Region VII,Cebu,Cebu City,Executive,City Government,Local Government Units (LGU),0,CCMC CONSULTANT IN THE DEPARTMENT OF INTERNAL MEDICINE,Consulting Services,Negotiated Procurement - Highly Technical Consultants (Sec. 53.7),Consulting Services,Government of the Philippines (GOP),Budget for the Contract Approved by the Sanggunian,Implementing Rules and Regulations,192000.00,NULL,NULL,Cebu,6,NULL,1,CCMC CONSULTANT IN THE DEPARTMENT OF INTERNAL MEDI,HIGHLY TECHNICAL CONSULTANT,1,Unit,192000.00,Awarded,5122211,CCMC CONSULTANT IN THE DEPARTMENT OF INTERNAL MEDICINE,85000000,Healthcare Services,13/10/2024,21/06/2024,192000.00,Updated,28/06/2024,01/07/2024,31/12/2024,DR MARIA ISABEL YAP MAHINAY,Philippines,Region VII,Cebu,Cebu City,NULL,NULL
"CITY OF CEBU, CEBU",Region VII,Cebu,Cebu City,Executive,City Government,Local Government Units (LGU),0,CCMC CONSULTANT IN THE DEPARTMENT OF PEDIATRICS,Consulting Services,Negotiated Procurement - Highly Technical Consultants (Sec. 53.7),Consulting Services,Government of the Philippines (GOP),Budget for the Contract Approved by the Sanggunian,Implementing Rules and Regulations,210000.00,NULL,NULL,Cebu,6,NULL,1,CCMC CONSULTANT IN THE DEPARTMENT OF PEDIATRICS,HIGHLY TECHNICAL CONSULTANT,1,Unit,210000.00,Awarded,5108324,CCMC CONSULTANT IN THE DEPARTMENT OF PEDIATRICS,85000000,Healthcare Services,04/10/2024,21/06/2024,210000.00,Updated,28/06/2024,01/07/2024,31/12/2024,MS. LEAH GAVIOLA LAFUENTE,Philippines,Region VII,Cebu,Cebu City,NULL,NULL
"MUNICIPALITY OF POLANGUI, ALBAY",Region V,Albay,Polangui,Executive,Municipal Government,Local Government Units (LGU),0,PROJECT ENGINEER CONSULTANT (OCTOBER 2024 - DECEMBER 2024),Consulting Services,Negotiated Procurement - Highly Technical Consultants (Sec. 53.7),Consulting Services,Government of the Philippines (GOP),Budget for the Contract Approved by the Sanggunian,Implementing Rules and Regulations,102000.00,09/10/2024,NULL,Albay,3,NULL,1,PROJECT ENGINEER CONSULTANT (OCTOBER 2024 - DECEMB,PROJECT ENGINEER CONSULTANT (OCTOBER 2024 - DECEMBER 2024),1,Package,102000.00,Awarded,5113620,PROJECT ENGINEER CONSULTANT (OCTOBER 2024 - DECEMBER 2024),80110000,Human resources services,09/10/2024,02/10/2024,NULL,Posted,NULL,NULL,NULL,MS CHRISTINE JASMIN LOCRE SANGLAY,Philippines,Region V,Albay,Polangui,NULL,NULL
PROVINCE OF CEBU,Region VII,Cebu,Cebu City,Executive,Provincial Government,Local Government Units (LGU),0,Consulting Services for the month of July to December 2024 for District Concerns,Consulting Services,Negotiated Procurement - Highly Technical Consultants (Sec. 53.7),Consulting Services,Government of the Philippines (GOP),Budget for the Contract Approved by the Sanggunian,Implementing Rules and Regulations,3402000.00,NULL,NULL,Cebu,6,NULL,1,Consulting Services,Consulting Services for the month of July to December 2024 for District Concerns,1,Lot,3402000.00,Awarded,5267466,Consulting Services for the month of July to December 2024 for District Concerns,93000000,Politics and Civic Affairs Services,26/12/2024,24/07/2024,138000.00,Posted,NULL,NULL,NULL,MR. BRADFIELD REMOTIGUE LUCERO,Philippines,Region VII,Cebu,Cebu City,NULL,NULL
MUZON PABAHAY ELEMENTARY SCHOOL,Region III,Bulacan,San Jose Del Monte City,Executive,Elementary,National Government Agencies (NGA),0,"Installation of Matting Door, Window Cover, Construction  of cencrete bench & handwashing area",Civil Works,Negotiated Procurement - United Nations Agencies (Sec. 53.13),Construction Projects,Government of the Philippines (GOP),General Appropriations Act,Implementing Rules and Regulations,59012.53,18/10/2024,NULL,Bulacan,10,NULL,1,"Installation of Matting Door, Window Cover, Constr","Installation of Matting Door, Window Cover, Construction  of cencrete bench & handwashing area",1,Lot,59012.53,Awarded,5133116,"Installation of Matting Door, Window Cover, Construction  of cencrete bench & handwashing area",72000000,Building and Facility Construction and Maintenance Services,18/10/2024,18/10/2024,56799.12,Updated,21/10/2024,21/10/2024,31/10/2024,RKEA BUILDERS & SUPPLY,Philippines,Region III,Bulacan,San Jose Del Monte City,Micro,NULL
"BARANGAY SALNGAN, OTON, ILOILO",Region VI,Iloilo,Oton,Executive,Barangay,Local Government Units (LGU),0,Construction of Waiving and Display Center,Goods,Negotiated Procurement - United Nations Agencies (Sec. 53.13),Construction Materials and Supplies,Government of the Philippines (GOP),Budget for the Contract Approved by the Sanggunian,Implementing Rules and Regulations,1500000.00,26/11/2024,NULL,Iloilo,NULL,NULL,1,"Cement, Stone, Gravel",Demolition Works Excavation and Backfill Aggregate Sub-Base Course Reinforced Concrete Works Masonry Works Cement Plaster Plain Finish Plumbing Works Electrical Works Doors and Windows Painting Works,1,Unit,1500000.00,Awarded,5199078,Construction of Waiving and Display Center,72000000,Building and Facility Construction and Maintenance Services,26/11/2024,26/11/2024,1494793.97,Posted,NULL,NULL,NULL,QUATRO AMIGOS BUILDERS &AMP; SUPPLY,Philippines,Region VI,Iloilo,Pototan,Micro,NULL
MUZON PABAHAY ELEMENTARY SCHOOL,Region III,Bulacan,San Jose Del Monte City,Executive,Elementary,National Government Agencies (NGA),0,LEARNING RESOURCE MATERIALS,Goods,Negotiated Procurement - United Nations Agencies (Sec. 53.13),Printing Supplies,Government of the Philippines (GOP),General Appropriations Act,Implementing Rules and Regulations,308000.00,08/10/2024,NULL,Bulacan,5,NULL,1,LEARNING RESOURCE MATERIALS,Reproduction supplies for Grade 1 Learning resource materials,13,Piece,308000.00,Awarded,5111818,LEARNING RESOURCE MATERIALS,45101700,Printing accessories,08/10/2024,08/10/2024,308000.00,Updated,08/10/2024,08/10/2024,15/10/2024,MGMF TRADING,Philippines,Region III,Bulacan,San Jose Del Monte City,Micro,NULL
MUZON PABAHAY ELEMENTARY SCHOOL,Region III,Bulacan,San Jose Del Monte City,Executive,Elementary,National Government Agencies (NGA),0,3-days In-Service Training,Goods,Negotiated Procurement - United Nations Agencies (Sec. 53.13),Catering Services,Government of the Philippines (GOP),General Appropriations Act,Implementing Rules and Regulations,154020.00,15/11/2024,NULL,Bulacan,5,NULL,1,3-days In-Service Training,"Foods and snack for Teachers of  Muzon (Pabahay 2000) E/S during 3-day INSET on November 26-28, 2024					 ",151,Pack,154020.00,Awarded,5177337,3-days In-Service Training,90101603,Catering services,15/11/2024,15/11/2024,147225.00,Updated,15/11/2024,26/11/2024,28/11/2024,CLAIRE AIRISH FOOD SERVICES,Philippines,Region III,Bulacan,San Jose Del Monte City,Micro,NULL
162508 MARANGAL ELEMENTARY SCHOOL,Region III,Bulacan,San Jose Del Monte City,Executive,Elementary,National Government Agencies (NGA),0,Sound System For Printer for Marangal E/S,Goods,Negotiated Procurement - United Nations Agencies (Sec. 53.13),Appliances,Government of the Philippines (GOP),General Appropriations Act,Implementing Rules and Regulations,152040.00,NULL,NULL,Bulacan,3,NULL,1,Sound System and Printer for Marangal E/S,Sound System and Printer for Marangal E/S,8,Unit,152040.00,Awarded,4622402,Sound System For Printer for Marangal E/S,32131023,Electrical or electronic device holder,21/11/2024,15/11/2024,129343.00,Posted,NULL,NULL,NULL,CITY OF SAN JOSE DEL MONTE PUBLIC SCHOOL TEACHERS AND EMPLOYEES MULTI-PURPOSE COOPERATIVE,Philippines,Region III,Bulacan,San Jose Del Monte City,Medium,NULL
MARITIME INDUSTRY AUTHORITY (MARINA),NCR,Metro Manila,Manila,Executive,Attached Agency,National Government Agencies (NGA),0,LEASE OF VENUE FOR THE CONDUCT OF THREE-DAY WORKSHOP FOR THE MARINA-NCR's YEAR-END PERFORMANCE / PLAN ASSESSMENT & TARGET SETTING UNDER THE MARINA SPMS ON 06-08 DECEMBER 2024,Goods - General Support Services,Negotiated Procurement - United Nations Agencies (Sec. 53.13),Hotel and Lodging and Meeting Facilities,Government of the Philippines (GOP),General Appropriations Act,Implementing Rules and Regulations,366000.00,NULL,NULL,Batangas,3,NULL,1,LOV - CONDUCT OF MRO-NCR's YEPA ON 06 - 08 DECEMBE,LEASE OF VENUE FOR THE CONDUCT OF THREE-DAY WORKSHOP FOR THE MARINA-NCR's YEAR-END PERFORMANCE / PLAN ASSESSMENT & TARGET SETTING UNDER THE MARINA SPMS ON 06-08 DECEMBER 2024,1,Lot,366000.00,Awarded,4118491,LEASE OF VENUE FOR THE CONDUCT OF THREE-DAY WORKSHOP FOR THE MARINA-NCR's YEAR-END PERFORMANCE / PLAN ASSESSMENT & TARGET SETTING UNDER THE MARINA SPMS ON 06-08 DECEMBER 2024,90000000,Travel and Food and Lodging and Entertainment Services,11/12/2024,03/12/2024,366000.00,Updated,04/12/2024,06/12/2024,09/12/2024,"SPLENDIDO TAGAYTAY HOTELO, INC.",Philippines,Region IV-A,Batangas,Laurel,Micro,NULL
BICOL MEDICAL CENTER,Region V,Camarines Sur,Naga City,Executive,Hospital,National Government Agencies (NGA),11553572,Vegetables,Goods,Negotiated Procurement - NGO Participation (Sec. 53.11),Food Stuff,Government of the Philippines (GOP),General Appropriations Act,Implementing Rules and Regulations,968495.00,30/11/2024,03/12/2024,Camarines Sur,0,Day/s,28,"Cassava, clean","dry, free from molds				",30,Kilo,1200.00,Closed,NULL,NULL,NULL,NULL,NULL,NULL,NULL,NULL,NULL,NULL,NULL,NULL,NULL,NULL,NULL,NULL,NULL,NULL
"CITY OF CAGAYAN DE ORO, MISAMIS ORIENTAL",Region X,Misamis Oriental,Cagayan De Oro City,Executive,City Government,Local Government Units (LGU),11606344,"Supply and Delivery of Aircondition; PR No. 24-2910 Dated July 26, 2024.",Goods,Negotiated Procurement - NGO Participation (Sec. 53.11),Airconditioning and Airconditioning Systems,Government of the Philippines (GOP),Budget for the Contract Approved by the Sanggunian,Implementing Rules and Regulations,100000.00,16/12/2024,19/12/2024,NULL,30,Day/s,NULL,NULL,NULL,NULL,NULL,NULL,Closed,NULL,NULL,NULL,NULL,NULL,NULL,NULL,NULL,NULL,NULL,NULL,NULL,NULL,NULL,NULL,NULL,NULL,NULL
"MUNICIPALITY OF MANGATAREM, PANGASINAN",Region I,Pangasinan,Mangatarem,Executive,Municipal Government,Local Government Units (LGU),11489213,"Trash bins to be used for the garbage coolection/disposal to prevent foul odor at public plaza, auditorium and public market in Mangatarem, Pangasinan",Goods,Negotiated Procurement - NGO Participation (Sec. 53.11),General Merchandise,Government of the Philippines (GOP),Budget for the Contract Approved by the Sanggunian,Implementing Rules and Regulations,105000.00,18/11/2024,21/11/2024,Pangasinan,15,Day/s,1,General Merchandise,please see the attached purchase request,10,Unit,105000.00,Closed,NULL,NULL,NULL,NULL,NULL,NULL,NULL,NULL,NULL,NULL,NULL,NULL,NULL,NULL,NULL,NULL,NULL,NULL
DEPARTMENT OF TRADE AND INDUSTRY - MAIN,NCR,Metro Manila,Makati City,Executive,Department,National Government Agencies (NGA),11409248,Subscription to Software (Google Workspace and Colab Pro+),Goods,Negotiated Procurement - NGO Participation (Sec. 53.11),Information Technology,Government of the Philippines (GOP),General Appropriations Act,Implementing Rules and Regulations,765000.00,29/10/2024,07/11/2024,NULL,0,Day/s,NULL,NULL,NULL,NULL,NULL,NULL,Closed,NULL,NULL,NULL,NULL,NULL,NULL,NULL,NULL,NULL,NULL,NULL,NULL,NULL,NULL,NULL,NULL,NULL,NULL
PHILIPPINE RUBBER RESEARCH INSTITUTE,Region IX,Zamboanga Sibugay,Ipil,Executive,Bureau,National Government Agencies (NGA),11562835,Construction Supplies,Goods,Negotiated Procurement - NGO Participation (Sec. 53.11),Construction Materials and Supplies,Government of the Philippines (GOP),General Appropriations Act,Implementing Rules and Regulations,350156.25,03/12/2024,06/12/2024,NULL,30,Day/s,7,2'nail,2'nail,10,Kilo,98.00,Closed,NULL,NULL,NULL,NULL,NULL,NULL,NULL,NULL,NULL,NULL,NULL,NULL,NULL,NULL,NULL,NULL,NULL,NULL
BICOL MEDICAL CENTER,Region V,Camarines Sur,Naga City,Executive,Hospital,National Government Agencies (NGA),11553572,Vegetables,Goods,Negotiated Procurement - NGO Participation (Sec. 53.11),Food Stuff,Government of the Philippines (GOP),General Appropriations Act,Implementing Rules and Regulations,968495.00,30/11/2024,03/12/2024,Camarines Sur,0,Day/s,54,"Pechay, baguio	","Pechay, baguio	",100,Kilo,10000.00,Closed,NULL,NULL,NULL,NULL,NULL,NULL,NULL,NULL,NULL,NULL,NULL,NULL,NULL,NULL,NULL,NULL,NULL,NULL
"SANGGUNIANG KABATAAN NG BARANGAY DIGDIGON - GOA, CAMARINES S",Region V,Camarines Sur,Goa,Executive,Barangay,Local Government Units (LGU),11517515,Computer Set and Printer,Goods,Negotiated Procurement - NGO Participation (Sec. 53.11),Office Equipment,Government of the Philippines (GOP),National Expenditure Program (NEP) for the suceeding year - Single Year,ADB Guidelines on the use of Consultants,49000.00,22/11/2024,29/11/2024,Camarines Sur,7,Day/s,2,Printer,Printer,1,Piece,-1.00,Closed,NULL,NULL,NULL,NULL,NULL,NULL,NULL,NULL,NULL,NULL,NULL,NULL,NULL,NULL,NULL,NULL,NULL,NULL
PHILIPPINE RUBBER RESEARCH INSTITUTE,Region IX,Zamboanga Sibugay,Ipil,Executive,Bureau,National Government Agencies (NGA),11562835,Construction Supplies,Goods,Negotiated Procurement - NGO Participation (Sec. 53.11),Construction Materials and Supplies,Government of the Philippines (GOP),General Appropriations Act,Implementing Rules and Regulations,350156.25,03/12/2024,06/12/2024,NULL,30,Day/s,3,10mm. Corr. Bar,10mm. Corr. Bar,330,Piece,195.50,Closed,NULL,NULL,NULL,NULL,NULL,NULL,NULL,NULL,NULL,NULL,NULL,NULL,NULL,NULL,NULL,NULL,NULL,NULL
DEPARTMENT OF AGRICULTURE - REGION IV-A,NCR,Metro Manila,Quezon City,Executive,Department,National Government Agencies (NGA),11527795,Procurement of Meals and Snacks to be used in the conduct of Stakeholders Forum of the Regional Corn Program,Goods,Negotiated Procurement - NGO Participation (Sec. 53.11),Catering Services,Government of the Philippines (GOP),General Appropriations Act,Implementing Rules and Regulations,110000.00,26/11/2024,29/11/2024,NULL,0,Day/s,1,Meals and Snacks,"100 pax MEALS AND SNACKS Breakfast, AM Snacks, Lunch, PM Snacks and Dinner  Place of conduct Padre Garcia Municipal Hall",100,Pack,110000.00,Awarded,5229880,Meals and Snacks,90101603,Catering services,10/12/2024,10/12/2024,110000.00,Posted,NULL,NULL,NULL,KITITAY FOOD AND AGRI PRODUCTS,Philippines,Region IV-A,Laguna,Magdalena,Micro,NULL
"MUNICIPALITY OF M'LANG, COTABATO",Region XII,Cotabato,M'lang,Executive,Municipal Government,Local Government Units (LGU),11351540,Supply and Delivery of Meals and Snacks BPAT’s Training Course,Goods,Negotiated Procurement - NGO Participation (Sec. 53.11),Catering Services,Asian Development Bank (ADB),Budget for the Contract Approved by the Sanggunian,Implementing Rules and Regulations,100250.00,12/10/2024,15/10/2024,Cotabato,10,Day/s,NULL,NULL,NULL,NULL,NULL,NULL,Closed,NULL,NULL,NULL,NULL,NULL,NULL,NULL,NULL,NULL,NULL,NULL,NULL,NULL,NULL,NULL,NULL,NULL,NULL
DEPARTMENT OF PUBLIC WORKS AND HIGHWAYS - BOHOL 3RD DEO,Region VII,Bohol,Guindulman,Executive,Department,National Government Agencies (NGA),11407437,25HB0019 ORGANIZATIONAL OUTCOME 2 Protect Lives and Properties Against Major Floods – Flood Management Program – Construction/Maintenance of Flood Mitigation Structures and Drainage System – Construc,Civil Works,Public Bidding,Construction Projects,Government of the Philippines (GOP),General Appropriations Act,Implementing Rules and Regulations,87933695.00,29/10/2024,18/11/2024,Bohol,278,Day/s,1,25HB0019,ORGANIZATIONAL OUTCOME 2 Protect Lives and Properties Against Major Floods – Flood Management Program – Construction/Maintenance of Flood Mitigation Structures and Drainage System – Construction of Flood Mitigation Structure along Tumuran – Sarangan,1,Lot,87933695.00,Awarded,5359553,25HB0019,72000000,Building and Facility Construction and Maintenance Services,10/02/2025,07/02/2025,87868653.68,Updated,25/02/2025,03/03/2025,05/12/2025,MUAÑA CONSTRUCTION AND DEVELOPMENT CORP.,Philippines,Region VII,Cebu,Cebu City,Large,NULL
"MUNICIPALITY OF ROXAS, ISABELA",Region II,Isabela,Roxas,Executive,Municipal Government,Local Government Units (LGU),11357172,"Supply  and  Delivery of  43,000.00 Pax Spaghetti and Sopas Package to be given to Indigent Constituents of  the Municipality of  Roxas, Isabela",Goods,Public Bidding,Food Stuff,Government of the Philippines (GOP),Loans / Grants,Implementing Rules and Regulations,14426500.00,15/10/2024,04/11/2024,Isabela,20,Day/s,NULL,NULL,NULL,NULL,NULL,NULL,Closed,NULL,NULL,NULL,NULL,NULL,NULL,NULL,NULL,NULL,NULL,NULL,NULL,NULL,NULL,NULL,NULL,NULL,NULL
MARIANO MARCOS MEMORIAL HOSPITAL AND MEDICAL CENTER,Region I,Ilocos Norte,Batac,Executive,Hospital,National Government Agencies (NGA),11402473,01-2025LR  Supply and Delivery of Various Laboratory Supplies and Reagents for FY 2025 Use,Goods,Public Bidding,Laboratory Supplies and Equipment,Government of the Philippines (GOP),General Appropriations Act,Implementing Rules and Regulations,50014893.80,28/10/2024,29/11/2024,Ilocos Norte,0,Day/s,27,2025-01-0027LR (Murex),"Evacuated tube, 3.2% buffered Sodium Citrate for coagulation studies (0.105M), BLUE TOP, at least 1.8 ml draw in 5 ml tube, double-walled tube, plastic, non-screw but cap must be tight fit to tube; per piece",6000,Piece,72000.00,Awarded,5331685,2025-01-0027LR (Murex),41000000,Laboratory and Measuring and Observing and Testing Equipment,28/01/2025,22/01/2025,33000.00,Updated,27/01/2025,27/01/2025,11/07/2025,MUREX DIAGNOSTIC PRODUCTS SPECIALISTS,Philippines,Region I,Pangasinan,San Nicolas,Large,NULL
BICOL MEDICAL CENTER,Region V,Camarines Sur,Naga City,Executive,Hospital,National Government Agencies (NGA),11622204,PB-SUPPLY & DELIVERY OF MEDICAL SUPPLIES (SPECIALTY CLINICS) FOR CY 2025 THROUGH  FRAMEWORK AGREEMENT F-IB No. 2024-09,Goods,Public Bidding,Medical Supplies and Laboratory Instrument,Government of the Philippines (GOP),National Expenditure Program (NEP) for the suceeding year - Single Year,Implementing Rules and Regulations,110928450.00,27/12/2024,28/01/2025,Camarines Sur,0,Day/s,70,Disposable speculum,"MEDIUM, single use, latex-free",1500,Piece,45000.00,Closed,5497576,Disposable speculum,42000000,Medical Equipment and Accessories and Supplies,24/04/2025,21/04/2025,37500.00,Updated,10/07/2025,10/07/2025,10/07/2026,MEDASIA MEDICAL PRODUCTS CORPORATION,Philippines,NCR,Metro Manila,Quezon City,Micro,NULL
DEPARTMENT OF PUBLIC WORKS AND HIGHWAYS - RIZAL II DEO,NCR,Metro Manila,Pasig City,Executive,Department,National Government Agencies (NGA),11523477,25DO0020 ORGANIZATIONAL OUTCOME 1 Ensure Safe and Reliable National Road System - Asset Preservation Program - Preventive Maintenance - Tertiary Roads – Rodriguez - Sn Jose Rd - K0029 + 000 - K0029,Civil Works,Public Bidding,Construction Projects,Government of the Philippines (GOP),General Appropriations Act,Implementing Rules and Regulations,13020280.00,23/11/2024,12/12/2024,Rizal,80,Day/s,1,25DO0020,Preventive Maintenance Asphalt Overlay,1,Lump Sum,13020280.00,Closed,NULL,NULL,NULL,NULL,NULL,NULL,NULL,NULL,NULL,NULL,NULL,NULL,NULL,NULL,NULL,NULL,NULL,NULL
SK OF BARANGAY STA. LUCIA -  PASIG CITY,NCR,Metro Manila,Pasig City,Executive,Barangay,Local Government Units (LGU),11512884,Leadership Youth Camp,Goods,Public Bidding,General Merchandise,Government of the Philippines (GOP),Budget for the Contract Approved by the Sanggunian,Implementing Rules and Regulations,142300.00,22/11/2024,29/11/2024,NULL,0,Day/s,NULL,NULL,NULL,NULL,NULL,NULL,Closed,NULL,NULL,NULL,NULL,NULL,NULL,NULL,NULL,NULL,NULL,NULL,NULL,NULL,NULL,NULL,NULL,NULL,NULL
"BARANGAY JANAGDONG, MOGPOG, MARINDUQUE",Region IV-B,Marinduque,Mogpog,Executive,Barangay,Local Government Units (LGU),11406629,SUPPLY AND DELIVERY OF MATERIALS FOR BRGY. HALL 2ND FLOOR RENOVATION,Goods,Public Bidding,General Merchandise,Government of the Philippines (GOP),Budget for the Contract Approved by the Sanggunian,Implementing Rules and Regulations,429131.00,30/10/2024,06/11/2024,Marinduque,30,Day/s,NULL,NULL,NULL,NULL,NULL,NULL,Closed,NULL,NULL,NULL,NULL,NULL,NULL,NULL,NULL,NULL,NULL,NULL,NULL,NULL,NULL,NULL,NULL,NULL,NULL
CONRADO F. ESTRELLA REGIONAL MEDICAL CENTER AND TRAUMA CENTE,Region I,Pangasinan,Rosales,Executive,Hospital,National Government Agencies (NGA),11623928,EARLY PROCUREMENT ACTIVITY (EPA) FOR THE PROCUREMENT OF VARIOUS LABORATORY SUPPLIES AND REAGENTS FOR CY 2025 THROUGH FRAMEWORK AGREEMENT,Goods,Public Bidding,Laboratory Supplies and Equipment,Government of the Philippines (GOP),General Appropriations Act,Implementing Rules and Regulations,5455945.00,19/12/2024,09/01/2025,Pangasinan,7,Day/s,3,Lot 3,Compatible with existing machine- Semi Automated Hematology Analyzer - Mindray BC-32,1,Lot,362300.00,Awarded,5393263,Lot 3,41115815,Hematology analyzers,27/02/2025,17/01/2025,362246.00,Updated,21/01/2025,20/01/2025,20/01/2026,17J MEDICAL SUPPLIES TRADING,Philippines,Region III,Pampanga,San Fernando City,Micro,NULL
CITY GOVERNMENT OF PUERTO PRINCESA,Region IV-B,Palawan,Puerto Princesa City,Executive,City Government,Local Government Units (LGU),11531327,"300-2024-11-141 Supply and delivery of various medical supplies (self-care kits, etc.)",Goods,Public Bidding,Medical Supplies and Laboratory Instrument,Government of the Philippines (GOP),Budget for the Contract Approved by the Sanggunian,Implementing Rules and Regulations,1120400.00,26/11/2024,16/12/2024,Palawan,60,Day/s,NULL,NULL,NULL,NULL,NULL,NULL,Closed,NULL,NULL,NULL,NULL,NULL,NULL,NULL,NULL,NULL,NULL,NULL,NULL,NULL,NULL,NULL,NULL,NULL,NULL
"MUNICIPALITY OF MAYANTOC, TARLAC",Region III,Tarlac,Mayantoc,Executive,Municipal Government,Local Government Units (LGU),11465517,CONSTRUCTION OF PEDESTAL FOR SOLAR STREET LIGHTS,Civil Works,Public Bidding,Construction Projects,Others,Budget for the Contract Approved by the Sanggunian,Implementing Rules and Regulations,350000.00,13/11/2024,21/11/2024,Tarlac,60,Day/s,1,CONSTRUCTION OF PEDESTAL FOR SOLAR STREET LIGHTS,CONSTRUCTION OF PEDESTAL FOR SOLAR STREET LIGHTS,2,Lot,350000.00,Awarded,5258499,CONSTRUCTION OF PEDESTAL FOR SOLAR STREET LIGHTS,39110000,Lighting Fixtures and Accessories,14/01/2025,02/12/2024,348667.80,Updated,04/12/2024,05/12/2024,02/02/2025,J.N. BONDOC CONSTRUCTION SERVICES,Philippines,Region III,Tarlac,Sta. Ignacia,Medium,NULL
"MUNICIPALITY OF SAN JUAN, SIQUIJOR",Region VII,Siquijor,San Juan,Executive,Municipal Government,Local Government Units (LGU),11521457,Request for Quotation on Cultural Preservation Program,Goods,Negotiated Procurement - Small Value Procurement (Sec. 53.9),Electrical Systems and Lighting Components,Government of the Philippines (GOP),Budget for the Contract Approved by the Sanggunian,Implementing Rules and Regulations,99965.00,23/11/2024,26/11/2024,Siquijor,15,Day/s,10,Electrical System and Lighting Components,"Christmas series lights, green 100 lights, outdoor 6m",23,Piece,6095.00,Closed,NULL,NULL,NULL,NULL,NULL,NULL,NULL,NULL,NULL,NULL,NULL,NULL,NULL,NULL,NULL,NULL,NULL,NULL
BARANGAY AMOGUIS - LAGONOY CAMARINES SUR,Region V,Camarines Sur,Lagonoy,Executive,Barangay,Local Government Units (LGU),11452055,SK OFFICE SUPPLIES,Goods,Negotiated Procurement - Small Value Procurement (Sec. 53.9),General Merchandise,Government of the Philippines (GOP),General Appropriations Act,Implementing Rules and Regulations,20400.00,11/11/2024,14/11/2024,Camarines Sur,0,Day/s,NULL,NULL,NULL,NULL,NULL,NULL,Closed,NULL,NULL,NULL,NULL,NULL,NULL,NULL,NULL,NULL,NULL,NULL,NULL,NULL,NULL,NULL,NULL,NULL,NULL
NEW MABUHAY ELEMENTARY SCHOOL - GENERAL SANTOS CITY,Region XII,South Cotabato,General Santos City,Executive,Elementary,National Government Agencies (NGA),11437356,CONSTRUCTION SUPPLIES AND MATERIALS FOR REHABILITATION OF FEEDING ROOM,Goods - General Support Services,Negotiated Procurement - Small Value Procurement (Sec. 53.9),Construction Materials and Supplies,Government of the Philippines (GOP),General Appropriations Act,Implementing Rules and Regulations,91895.85,06/11/2024,13/11/2024,South Cotabato,15,Day/s,15,HARDIFLEX,HARDIFLEX,20,Piece,7700.00,Closed,NULL,NULL,NULL,NULL,NULL,NULL,NULL,NULL,NULL,NULL,NULL,NULL,NULL,NULL,NULL,NULL,NULL,NULL
ZAMBOANGA CITY STATE POLYTECHNIC COLLEGE,Region IX,Zamboanga Del Sur,Zamboanga City,Executive,State Universities or Colleges (SUC),State Universities and Colleges (SUC),11383836,Q-417-24 SUPPLY AND DELIVERY OF ICT EQUIPMENT AND PERIPHERALS,Goods,Negotiated Procurement - Small Value Procurement (Sec. 53.9),Information Technology,Government of the Philippines (GOP),General Appropriations Act,Implementing Rules and Regulations,135000.00,20/10/2024,23/10/2024,Zamboanga Del Sur,30,Day/s,1,Q-417-24,Laptop,1,Lot,80000.00,Closed,NULL,NULL,NULL,NULL,NULL,NULL,NULL,NULL,NULL,NULL,NULL,NULL,NULL,NULL,NULL,NULL,NULL,NULL
PHILIPPINE CHILDREN'S MEDICAL CENTER,NCR,Metro Manila,Quezon City,Executive,Government Owned and/or Controlled Corp.(GOCC),Government Owned and Controlled Corporations (GOCC),11353090,Grocery Items,Goods,Negotiated Procurement - Small Value Procurement (Sec. 53.9),Grocery Items,Government of the Philippines (GOP),Corporate Budget for the Contract Approved by the Board,Implementing Rules and Regulations,402272.48,12/10/2024,15/10/2024,NULL,0,Day/s,1,Grocery Items,Grocery Items,1,Lot,305525.00,Awarded,5178944,Grocery Items,24000000,Material Handling and Conditioning and Storage Machinery and their Accessories and Supplies,18/11/2024,30/10/2024,305525.00,Updated,15/11/2024,18/11/2024,26/11/2024,LABOTECH TRADING,Philippines,NCR,Metro Manila,Parañaque City,Micro,NULL
BATAAN GENERAL HOSPITAL AND MEDICAL CENTER,Region III,Bataan,Balanga City,Executive,Hospital,National Government Agencies (NGA),11492791,"RFQ PR 24-11-619 Endotracheal Tube s.5.5, uncuffed and others",Goods,Negotiated Procurement - Small Value Procurement (Sec. 53.9),Medical Supplies and Laboratory Instrument,Government of the Philippines (GOP),General Appropriations Act,Implementing Rules and Regulations,629150.00,19/11/2024,22/11/2024,Bataan,7,Day/s,16,"Dental LED hi-speed push type handpiece, 2 holes",for CSSR use,4,Piece,100000.00,Failed,NULL,NULL,NULL,NULL,NULL,NULL,NULL,NULL,NULL,NULL,NULL,NULL,NULL,NULL,NULL,NULL,NULL,NULL
LAS PIÑAS GENERAL HOSPITAL AND SATELLITE TRAUMA CENTER,NCR,Metro Manila,Las Piñas City,Executive,Hospital,National Government Agencies (NGA),11487169,TAILORING ACCESSORIES & STORAGE BOXES,Goods,Negotiated Procurement - Small Value Procurement (Sec. 53.9),Textiles,Government of the Philippines (GOP),General Appropriations Act,Implementing Rules and Regulations,16100.00,16/11/2024,11/12/2024,Metro Manila,7,Day/s,5,Flip top storage box with wheels (Small),Flip top storage box with wheels (Small) 38x43x29,25,Piece,8750.00,Closed,NULL,NULL,NULL,NULL,NULL,NULL,NULL,NULL,NULL,NULL,NULL,NULL,NULL,NULL,NULL,NULL,NULL,NULL
SOUTHERN LEYTE STATE UNIVERSITY - TOMAS OPPUS,Region VIII,Southern Leyte,Tomas Oppus,Executive,State Universities or Colleges (SUC),State Universities and Colleges (SUC),11335794,2024-09-208 Procurement of Other Machineries & Equipment,Goods,Negotiated Procurement - Small Value Procurement (Sec. 53.9),Airconditioning and Airconditioning Systems,Government of the Philippines (GOP),General Appropriations Act,Implementing Rules and Regulations,169999.00,09/10/2024,14/10/2024,Southern Leyte,30,Day/s,2,PO 2024-12-231A,Item No. 2,1,Unit,113499.00,Awarded,5367341,PO 2024-12-231A,44000000,Office Equipment and Accessories and Supplies,13/02/2025,05/12/2024,107998.00,Updated,13/12/2024,13/12/2024,12/01/2025,"COOLCREATOR AIRCON TRADING AND SERVICES, INC.",Philippines,NCR,Metro Manila,Taguig City,Micro,NULL
"CITY OF TUGUEGARAO, CAGAYAN",Region II,Cagayan,Tuguegarao City,Executive,City Government,Local Government Units (LGU),11587497,SUPPLY AND DELIVERY OF VARIOUS FIRECRACKERS TO BE USED DURING THE FIREWORKS SHOW IN CELEBRATION OF THE NEW YEARS EVE IN TUGUEGARAO CITY,Goods,Negotiated Procurement - Small Value Procurement (Sec. 53.9),Pyrotechnics and Fireworks,Government of the Philippines (GOP),Budget for the Contract Approved by the Sanggunian,Implementing Rules and Regulations,170000.00,07/12/2024,10/12/2024,Cagayan,7,Day/s,1,FIREWORKS SERVICES,VARIOUS FIRECRACKERS,626,Lot,170000.00,Closed,NULL,NULL,NULL,NULL,NULL,NULL,NULL,NULL,NULL,NULL,NULL,NULL,NULL,NULL,NULL,NULL,NULL,NULL
DEPARTMENT OF  EDUCATION - DIVISION OF LAGUNA,Region IV-A,Laguna,Sta. Cruz,Executive,Department,National Government Agencies (NGA),11319443,"PROCUREMENT OF SCHOOL-BASED FEEDING PROGRAM(SBFP) WEIGHING SCALE BEAM BALANCE, PPEs AND SUPPLIES FOR FOOD SAFETY",Goods,Negotiated Procurement - Small Value Procurement (Sec. 53.9),General Merchandise,Government of the Philippines (GOP),General Appropriations Act,Implementing Rules and Regulations,673675.00,04/10/2024,08/10/2024,Laguna,45,Day/s,1,General Merchandise,"PROCUREMENT OF SCHOOL-BASED FEEDING PROGRAM(SBFP) WEIGHING SCALE BEAM BALANCE, PPEs AND SUPPLIES FOR FOOD SAFETY",1,Lot,673675.00,Awarded,5319765,General Merchandise,44120000,Office supplies,22/01/2025,14/10/2024,673675.00,Updated,09/10/2024,10/10/2024,28/11/2024,LMRJR ENTERPRISES,Philippines,Region IV-A,Laguna,Sta. Cruz,Micro,NULL
"TANGCUB ELEMENTARY SCHOOLL - LIBERTAD, MISAMIS ORIENTAL",Region X,Misamis Oriental,Libertad,Executive,Elementary,National Government Agencies (NGA),11338405,Procurement for Office and school Supplies of Tangkub ES,Goods,Shopping - Ordinary/Regular Office Supplies & Equipment (Sec. 52.1.b),Office Equipment Supplies and Consumables,Government of the Philippines (GOP),General Appropriations Act,Implementing Rules and Regulations,59044.05,09/10/2024,14/10/2024,Misamis Oriental,60,Day/s,1,school and office supplies,"PAPER, Multi-Purpose (COPY) A4, 70 gsm",20,Ream,3600.00,Closed,NULL,NULL,NULL,NULL,NULL,NULL,NULL,NULL,NULL,NULL,NULL,NULL,NULL,NULL,NULL,NULL,NULL,NULL
SAN JOSE CITY NATIONAL HIGH SCHOOL(JUNIOR),Region III,Nueva Ecija,San Jose City,Executive,High School,National Government Agencies (NGA),11354308,Office and Janitorial Supplies for the 4th Quarter of CY 2024,Goods,Shopping - Ordinary/Regular Office Supplies & Equipment (Sec. 52.1.b),Office Equipment Supplies and Consumables,Government of the Philippines (GOP),General Appropriations Act,Implementing Rules and Regulations,314835.00,14/10/2024,17/10/2024,Nueva Ecija,10,Day/s,1,Office and janitorial supplies,Office and janitorial supplies,1,Lot,314835.00,Awarded,5132821,Office and janitorial supplies,44120000,Office supplies,21/10/2024,18/10/2024,288486.00,Updated,21/10/2024,21/10/2024,31/10/2024,D.O. TALLARA'S GENERAL MERCHANDISE,Philippines,Region III,Nueva Ecija,San Jose City,Micro,NULL
TANAY EAST INTEGRATED NATIONAL HIGH SCHOOL,Region IV-A,Rizal,Tanay,Executive,Integrated School (High School/Elementary),National Government Agencies (NGA),11551781,JHS - REQUEST FOR QUOTATION ICT OFFICE EQUIPMENT AND OFFICE SUPPLIES SUPPLY AND DELIVERY TO TANAY EAST INTEGRATED NHS,Goods,Shopping - Ordinary/Regular Office Supplies & Equipment (Sec. 52.1.b),Office Supplies and Devices,Government of the Philippines (GOP),General Appropriations Act,Implementing Rules and Regulations,73874.00,02/12/2024,05/12/2024,Rizal,3,Day/s,1,ICT OFFICE EQUIPMENT AND OFF,ICT OFFICE EQUIPMENT AND OFF,1,Unit,73874.00,Awarded,5242455,ICT OFFICE EQUIPMENT AND OFF,44120000,Office supplies,13/12/2024,13/12/2024,69813.00,Updated,16/12/2024,17/12/2024,31/12/2024,JESIKARENY OFFICE AND SCHOOL SUPPLIES TRADING,Philippines,Region IV-A,Rizal,Binangonan,Micro,NULL
ABRA STATE INSTITUTE OF SCIENCES AND TECHNOLOGY -ABRA,CAR,Abra,Lagangilang,Executive,State Universities or Colleges (SUC),State Universities and Colleges (SUC),11357401,Meals and Snacks for Lecture-Write shop La Paz,Goods,Shopping - Ordinary/Regular Office Supplies & Equipment (Sec. 52.1.b),Catering Services,Government of the Philippines (GOP),General Appropriations Act,Implementing Rules and Regulations,75000.00,15/10/2024,18/10/2024,Abra,0,Day/s,NULL,NULL,NULL,NULL,NULL,NULL,Closed,NULL,NULL,NULL,NULL,NULL,NULL,NULL,NULL,NULL,NULL,NULL,NULL,NULL,NULL,NULL,NULL,NULL,NULL
DEPED NATO NATIONAL HIGH SCHOOL - SAGÑAY CAMARINES SUR,Region V,Camarines Sur,Sagñay,Executive,Department,National Government Agencies (NGA),11619543,PROCUREMENT OF CONSTRUCTION MATERIALS AND SUPPLIES FOR CONSTRUCTION OF TEMPORARY LEARNING SPACE OF NNHS,Goods,Shopping - Ordinary/Regular Office Supplies & Equipment (Sec. 52.1.b),Construction Materials and Supplies,Government of the Philippines (GOP),General Appropriations Act,Implementing Rules and Regulations,251445.67,18/12/2024,23/12/2024,Camarines Sur,7,Day/s,44,CEILING FAN 18'',CEILING FAN 18'',4,Unit,2200.00,Closed,NULL,NULL,NULL,NULL,NULL,NULL,NULL,NULL,NULL,NULL,NULL,NULL,NULL,NULL,NULL,NULL,NULL,NULL
MINES AND GEOSCIENCES BUREAU REGIONAL OFFICE VIII,Region VIII,Leyte,Palo,Executive,Bureau,National Government Agencies (NGA),11576837,Provision of Wireless Conference Set,Goods,Shopping - Ordinary/Regular Office Supplies & Equipment (Sec. 52.1.b),Office Equipment,Government of the Philippines (GOP),General Appropriations Act,Implementing Rules and Regulations,104000.00,11/12/2024,16/12/2024,Leyte,3,Day/s,1,Wireless Conference Set,Provision of Wireless Conference Set,1,Lot,104000.00,Awarded,5340554,Wireless Conference Set,44000000,Office Equipment and Accessories and Supplies,31/01/2025,18/12/2024,87700.00,Updated,23/12/2024,23/12/2024,23/01/2025,"ELECTRONICS CITY AND SERVICE CENTER, INC.",Philippines,Region VIII,Leyte,Tacloban City,Medium,NULL
"MUNICIPALITY OF BAY, LAGUNA",Region IV-A,Laguna,Bay,Executive,Municipal Government,Local Government Units (LGU),11459458,"PROCUREMENT OF SUPPLIES TO BE USED IN THE COMMUNITY BASED DRUG REHABILITATION PROGRAM ROLL-OUT (CBDRP) IN 11 BARANGAYS OF BAY, LAGUNA",Goods,Shopping - Ordinary/Regular Office Supplies & Equipment (Sec. 52.1.b),General Merchandise,Government of the Philippines (GOP),Budget for the Contract Approved by the Sanggunian,Implementing Rules and Regulations,73259.00,13/11/2024,18/11/2024,Laguna,15,Day/s,1,Supplies,See PR,1,Lot,73259.00,Awarded,5386963,Supplies,41104112,Urine collection containers,24/02/2025,16/12/2024,66592.00,Updated,16/12/2024,16/12/2024,03/01/2025,MERCOGENE PHARMACY &AMP; GENERAL MERCHANDISE,Philippines,Region IV-A,Laguna,Bay,Micro,NULL
"MANTIBUGAO ELEMENTARY SCHOOL, MANOLO FORTICH BUKIDNON",Region X,Bukidnon,Manolo Fortich,Executive,Elementary,National Government Agencies (NGA),11534856,MINSURO ES PROCUREMENT OF SUPPLIES AND CONSUMABLES FOR THE 4TH QUARTER,Goods,Shopping - Ordinary/Regular Office Supplies & Equipment (Sec. 52.1.b),Office Equipment Supplies and Consumables,Government of the Philippines (GOP),General Appropriations Act,Implementing Rules and Regulations,67219.88,27/11/2024,06/12/2024,Bukidnon,7,Day/s,12,PRINTER INK,BLACK,30,Bottle,400.00,Closed,NULL,NULL,NULL,NULL,NULL,NULL,NULL,NULL,NULL,NULL,NULL,NULL,NULL,NULL,NULL,NULL,NULL,NULL
"MUNICIPALITY OF SAN RAFAEL, BULACAN",Region III,Bulacan,San Rafael,Executive,Municipal Government,Local Government Units (LGU),11323107,Office Equipment to be use in PESO Office,Goods,Shopping - Ordinary/Regular Office Supplies & Equipment (Sec. 52.1.b),Information Technology,Government of the Philippines (GOP),Budget for the Contract Approved by the Sanggunian,Implementing Rules and Regulations,72000.00,05/10/2024,09/10/2024,Bulacan,3,Day/s,NULL,NULL,NULL,NULL,NULL,NULL,Closed,NULL,NULL,NULL,NULL,NULL,NULL,NULL,NULL,NULL,NULL,NULL,NULL,NULL,NULL,NULL,NULL,NULL,NULL
"BARANGAY BUHANGINAN, NAGCARLAN, LAGUNA",Region IV-A,Laguna,Nagcarlan,Executive,Barangay,Local Government Units (LGU),11447522,Supply and Delivering of Rice for Elderly Celebration,Goods,Shopping - Ordinary/Regular Office Supplies & Equipment (Sec. 52.1.b),Food Stuff,Government of the Philippines (GOP),Budget for the Contract Approved by the Sanggunian,Implementing Rules and Regulations,10500.00,08/11/2024,13/11/2024,Laguna,1,Day/s,1,Rice for Elderly Celebration,Assorted,1,Lump Sum,10500.00,Awarded,5195161,Rice for Elderly Celebration,50000000,Food Beverage and Tobacco Products,25/11/2024,14/11/2024,10500.00,Updated,14/11/2024,14/11/2024,14/11/2024,RR TWIN DRAGON OFFICE SUPPLIES AND EQUIPMENT TRADING,Philippines,Region IV-A,Laguna,Nagcarlan,Micro,NULL
"BARANGAY DEL CARMEN, SAN FERNANDO CITY, PAMPANGA",Region III,Pampanga,San Fernando City,Executive,Barangay,Local Government Units (LGU),11445759,"Labor and Materials for the Installation of Street Christmas Lantern (2024) at Barangay Panipuan, City of San Fernando, Pampanga",Goods,Negotiated Procurement - Two Failed Biddings (Sec. 53.1),Electrical Systems and Lighting Components,Government of the Philippines (GOP),Budget for the Contract Approved by the Sanggunian,Implementing Rules and Regulations,100000.00,07/11/2024,14/11/2024,Pampanga,20,Day/s,NULL,NULL,NULL,NULL,NULL,NULL,Closed,NULL,NULL,NULL,NULL,NULL,NULL,NULL,NULL,NULL,NULL,NULL,NULL,NULL,NULL,NULL,NULL,NULL,NULL
DEPARTMENT OF EDUCATION - DIVISION OF CABADBARAN CITY,Caraga,Agusan Del Norte,Cabadbaran City,Executive,Department,National Government Agencies (NGA),11537432,"RFQ NO. 2024-225 - PROCUREMENT & DELIVERY OF VARIOUS ASSISTIVE DEVICES, EQUIPMENT, SUPPLIES & MATERIALS FOR INCLUSIV LEARNING RESOURCE CENTER (ILRC) LOT 4",Goods,Negotiated Procurement - Two Failed Biddings (Sec. 53.1),Fixtures,Government of the Philippines (GOP),General Appropriations Act,Implementing Rules and Regulations,722994.00,27/11/2024,02/12/2024,Agusan Del Norte,45,Day/s,46,Fixtures,DUST CATCHER W/ BROOM HEAVY DUTY,6,Set,9000.00,Awarded,5240816,Fixtures,56000000,Furniture and Furnishings,13/12/2024,12/12/2024,8670.00,Updated,12/12/2024,16/12/2024,31/01/2025,JOVINCE EDUCATIONAL AND OFFICE SUPPLIES & GENERAL MERCHANDISE,Philippines,Caraga,Agusan Del Norte,Cabadbaran City,Medium,NULL
PROVINCE OF ZAMBOANGA DEL NORTE,Region IX,Zamboanga Del Norte,Dipolog City,Executive,Provincial Government,Local Government Units (LGU),11480355,Procurement of Electrical Supplies under PR  300 (01) 24-10-307 (A),Goods,Negotiated Procurement - Two Failed Biddings (Sec. 53.1),Electrical Supplies,Government of the Philippines (GOP),General Appropriations Act,Implementing Rules and Regulations,341356.00,15/11/2024,03/12/2024,Zamboanga Del Norte,0,Day/s,1,Electrical Supplies,"Anchor, expanding 8,000 pounds, & etc",4,Piece,341356.00,Awarded,5387938,Electrical Supplies,39121700,Electrical hardware and supplies,25/02/2025,09/12/2024,331020.00,Updated,13/12/2024,17/01/2025,17/02/2025,SCANNER MARKETING,Philippines,Region IX,Zamboanga Del Sur,Pagadian City,Micro,NULL
"MUNICIPALITY OF MANKAYAN, BENGUET",CAR,Benguet,Mankayan,Executive,Municipal Government,Local Government Units (LGU),11511679,PROCUREMENT OF OFFICE SUPPLIES,Goods,Negotiated Procurement - Two Failed Biddings (Sec. 53.1),Office Equipment Supplies and Consumables,Government of the Philippines (GOP),Budget for the Contract Approved by the Sanggunian,Implementing Rules and Regulations,956213.75,22/11/2024,29/11/2024,Benguet,10,Day/s,NULL,NULL,NULL,NULL,NULL,NULL,Closed,NULL,NULL,NULL,NULL,NULL,NULL,NULL,NULL,NULL,NULL,NULL,NULL,NULL,NULL,NULL,NULL,NULL,NULL
PROVINCE OF MISAMIS ORIENTAL,Region X,Misamis Oriental,Cagayan De Oro City,Executive,Provincial Government,Local Government Units (LGU),11396949,PROCUREMENT OF MEALS UNDER PURCHASE REQUEST NO. 2444-24,Goods,Negotiated Procurement - Two Failed Biddings (Sec. 53.1),Catering Services,Government of the Philippines (GOP),Budget for the Contract Approved by the Sanggunian,Implementing Rules and Regulations,1749020.00,24/10/2024,31/10/2024,NULL,7,Day/s,NULL,NULL,NULL,NULL,NULL,NULL,Closed,NULL,NULL,NULL,NULL,NULL,NULL,NULL,NULL,NULL,NULL,NULL,NULL,NULL,NULL,NULL,NULL,NULL,NULL
PHILIPPINE COAST GUARD,NCR,Metro Manila,Manila,Executive,Government Owned and/or Controlled Corp.(GOCC),Government Owned and Controlled Corporations (GOCC),11522156,ONE (1) YEAR SUBSCRIPTION OF NATIONAL DATA CENTER FOR LONG RANGE IDENTIFICATION AND TRACKING (LRIT) SYSTEM,Goods,Negotiated Procurement - Two Failed Biddings (Sec. 53.1),Telecommunications Provider,Government of the Philippines (GOP),General Appropriations Act,Implementing Rules and Regulations,2787281.01,25/11/2024,16/12/2024,Metro Manila,30,Day/s,1,ONE (1) YEAR SUBSCRIPTION OF NATIONAL DATA CENTER,SEE ATTACHMENT,1,Lot,2787281.01,Awarded,5305486,ONE (1) YEAR SUBSCRIPTION OF NATIONAL DATA CENTER,43000000,Information Technology Broadcasting and Telecommunications,16/01/2025,27/12/2024,2787267.84,Updated,19/02/2025,19/02/2025,21/03/2025,AWA MARINE INC.,Philippines,NCR,Metro Manila,Makati City,Micro,NULL
"MUNICIPALITY OF SAN JOSE, DINAGAT ISLANDS",Caraga,Dinagat Islands,San Jose,Executive,Municipal Government,Local Government Units (LGU),11621827,"Purchase of Wooden Cabinet, Office Table and Chairs, etc",Goods,Negotiated Procurement - Two Failed Biddings (Sec. 53.1),Office Equipment,Government of the Philippines (GOP),Budget for the Contract Approved by the Sanggunian,Implementing Rules and Regulations,163000.00,19/12/2024,26/12/2024,Dinagat Islands,15,Day/s,1,Purchase,"Purchase of Wooden Cabinet, Office Table and Chairs, etc",1,Lump Sum,163000.00,Awarded,5323928,Purchase,56000000,Furniture and Furnishings,23/01/2025,27/12/2024,163000.00,Updated,27/12/2024,03/01/2025,18/01/2025,DINAGATNON MULTI-PURPOSE COOPERATIVE,Philippines,Caraga,Dinagat Islands,San Jose,Micro,NULL
"BARANGAY MABUHAY - PILAR, SURIGAO DEL NORTE	",Caraga,Surigao Del Norte,Pilar,Executive,Barangay,Local Government Units (LGU),11307289,Concreting of  Pathway,Goods,Negotiated Procurement - Two Failed Biddings (Sec. 53.1),Construction Materials and Supplies,Government of the Philippines (GOP),General Appropriations Act,Implementing Rules and Regulations,140000.00,02/10/2024,07/10/2024,Surigao Del Norte,30,Day/s,4,C.W.N, 2,3,Kilo,300.00,Closed,NULL,NULL,NULL,NULL,NULL,NULL,NULL,NULL,NULL,NULL,NULL,NULL,NULL,NULL,NULL,NULL,NULL,NULL
PHILIPPINE RUBBER RESEARCH INSTITUTE,Region IX,Zamboanga Sibugay,Ipil,Executive,Bureau,National Government Agencies (NGA),11559400,Construction Supplies & Materials,Goods,Negotiated Procurement - Two Failed Biddings (Sec. 53.1),Construction Materials and Supplies,Government of the Philippines (GOP),General Appropriations Act,Implementing Rules and Regulations,190526.25,03/12/2024,06/12/2024,NULL,40,Day/s,24,2x 2 x 10' Coco Lumber,2x 2 x 10' Coco Lumber,20,Piece,112.55,Closed,NULL,NULL,NULL,NULL,NULL,NULL,NULL,NULL,NULL,NULL,NULL,NULL,NULL,NULL,NULL,NULL,NULL,NULL
"MUNICIPALITY OF PILAR, BATAAN",Region III,Bataan,Pilar,Executive,Municipal Government,Local Government Units (LGU),11567756,Preparation and decorations for Annual Cultural Activity of LGU Pilar on December,Goods,Negotiated Procurement - Two Failed Biddings (Sec. 53.1),Events Management,Government of the Philippines (GOP),Budget for the Contract Approved by the Sanggunian,Implementing Rules and Regulations,1500000.00,04/12/2024,09/12/2024,Bataan,5,Day/s,NULL,NULL,NULL,NULL,NULL,NULL,Closed,NULL,NULL,NULL,NULL,NULL,NULL,NULL,NULL,NULL,NULL,NULL,NULL,NULL,NULL,NULL,NULL,NULL,NULL
"CITY OF BAYAWAN, NEGROS ORIENTAL",Negros Island Region,Negros Oriental,Bayawan City,Executive,City Government,Local Government Units (LGU),11371086,Delivery of Feeds for Livestock Dispersal & Livelihood Support Program. (ITB-24-274),Goods,International Competitive Bidding,Animal Feeds,Government of the Philippines (GOP),Budget for the Contract Approved by the Sanggunian,Implementing Rules and Regulations,1378200.00,17/10/2024,07/11/2024,Negros Oriental,30,Day/s,1,ITB-24-274,Delivery of Feeds for Livestock Dispersal & Livelihood Support Program.,1,Lot,1378200.00,Awarded,5268605,ITB-24-274,10120000,Animal feed,27/12/2024,10/12/2024,1288320.00,Updated,11/12/2024,20/12/2024,21/01/2025,NEGROS CV FREEDOM MARKETING INCORPORATED,Philippines,Negros Island Region,Negros Occidental,Bacolod City,Micro,NULL
WESTERN VISAYAS SANITARIUM - DOH,Region VI,Iloilo,Sta. Barbara,Executive,Hospital,National Government Agencies (NGA),11603109,"Supply, Delivery and Installation of Various Hospital Equipment",Goods,International Competitive Bidding,Hospital / Medical Equipment,Government of the Philippines (GOP),General Appropriations Act,Implementing Rules and Regulations,36665000.00,12/12/2024,17/01/2025,Iloilo,90,Day/s,17,ELECTROCARDIOGRAPHY MACHINE (ECG),Please see attached ITB for complete specifications,4,Unit,200000.00,Cancelled,NULL,NULL,NULL,NULL,NULL,NULL,NULL,NULL,NULL,NULL,NULL,NULL,NULL,NULL,NULL,NULL,NULL,NULL
"NAYON ELEMENTARY SCHOOL - TANAY, RIZAL",Region IV-A,Rizal,Tanay,Executive,Elementary,National Government Agencies (NGA),11555974,hardware supplies,Goods,International Competitive Bidding,Hardware and Construction Supplies,Government of the Philippines (GOP),General Appropriations Act,Implementing Rules and Regulations,20000.00,02/12/2024,09/12/2024,Rizal,3,Day/s,3,floor scuber,floor scruber with long handle,8,Piece,1600.00,Closed,NULL,NULL,NULL,NULL,NULL,NULL,NULL,NULL,NULL,NULL,NULL,NULL,NULL,NULL,NULL,NULL,NULL,NULL
PROVINCE OF DAVAO ORIENTAL,Region XI,Davao Oriental,Mati,Executive,Provincial Government,Local Government Units (LGU),11609961,"Procurement of 1 Unit BRAND NEW DREDGING MACHINE -  LONG REACH AMPHIBIOUS EXCAVATOR for the Use of Provincial Engineer's Office, intended for dredging and desilting of rivers province wide",Goods,International Competitive Bidding,Vehicles,Government of the Philippines (GOP),Budget for the Contract Approved by the Sanggunian,Implementing Rules and Regulations,35000000.00,16/12/2024,09/01/2025,Davao Oriental,90,Day/s,1,Vehicles,BRAND NEW DREDGING MACHINE,1,Unit,35000000.00,Awarded,5347957,Vehicles,60124509,Vehicle sets,04/02/2025,22/01/2025,34988000.00,Posted,NULL,NULL,NULL,CLEC TRADING,Philippines,Region XI,Davao Del Sur,Davao City,Micro,NULL
"BARANGAY KRUS NA LIGAS, QUEZON CITY",NCR,Metro Manila,Quezon City,Executive,Barangay,Local Government Units (LGU),11467473,Provision of Food and Drinks for Registration and General Assembly of Solo Parents and Orientation on Anti-Online Sexual Abuse and Exploitation,Goods,International Competitive Bidding,Packed Food Distributor,Others,Budget for the Contract Approved by the Sanggunian,Implementing Rules and Regulations,150000.00,13/11/2024,22/11/2024,Metro Manila,30,Day/s,NULL,NULL,NULL,NULL,NULL,NULL,Cancelled,NULL,NULL,NULL,NULL,NULL,NULL,NULL,NULL,NULL,NULL,NULL,NULL,NULL,NULL,NULL,NULL,NULL,NULL
DEPARTMENT OF EDUCATION,NCR,Metro Manila,Pasig City,Executive,Department,National Government Agencies (NGA),11623556,A 6-month contract for the Behavioral Advocacy Expert of TEACEP (Repost),Consulting Services,International Competitive Bidding,Consulting Services,World Bank (WB),General Appropriations Act,WB Procurement Guidelines,0.00,19/12/2024,02/01/2025,Philippines,6,Month/s,NULL,NULL,NULL,NULL,NULL,NULL,Failed,NULL,NULL,NULL,NULL,NULL,NULL,NULL,NULL,NULL,NULL,NULL,NULL,NULL,NULL,NULL,NULL,NULL,NULL
WESTERN VISAYAS SANITARIUM - DOH,Region VI,Iloilo,Sta. Barbara,Executive,Hospital,National Government Agencies (NGA),11603109,"Supply, Delivery and Installation of Various Hospital Equipment",Goods,International Competitive Bidding,Hospital / Medical Equipment,Government of the Philippines (GOP),General Appropriations Act,Implementing Rules and Regulations,36665000.00,12/12/2024,17/01/2025,Iloilo,90,Day/s,23,OPERATING ROOM LIGHTS,Please see attached ITB for complete specifications,1,Unit,2500000.00,Cancelled,NULL,NULL,NULL,NULL,NULL,NULL,NULL,NULL,NULL,NULL,NULL,NULL,NULL,NULL,NULL,NULL,NULL,NULL
DEPARTMENT OF TRANSPORTATION (DOTR) MAIN,Region III,Pampanga,Mabalacat City,Executive,Department,National Government Agencies (NGA),11503858,Consulting Services for the Philippines Transportation System Master Plan (PTSMP),Consulting Services,International Competitive Bidding,Consulting Services,Others,Loans / Grants,Others,702468000.00,20/11/2024,10/01/2025,NULL,30,Month/s,NULL,NULL,NULL,NULL,NULL,NULL,Closed,NULL,NULL,NULL,NULL,NULL,NULL,NULL,NULL,NULL,NULL,NULL,NULL,NULL,NULL,NULL,NULL,NULL,NULL
DEPARTMENT OF EDUCATION - REGION IV-A (CALABARZON),Region IV-A,Rizal,Cainta,Executive,Attached Agency,National Government Agencies (NGA),11370395,Procurement of Supply and Delivery of Tablets for Alternative Learning System (ALS) Learners – Lot 1 and Alternative Delivery Mode (ADM) Learners – Lot 2 for DepEd Region IV-A CALABARZON (ROIVA-24-09),Goods,International Competitive Bidding,Information Technology,Government of the Philippines (GOP),General Appropriations Act,Implementing Rules and Regulations,52530000.00,17/10/2024,06/11/2024,NULL,0,Day/s,NULL,NULL,NULL,NULL,NULL,NULL,Cancelled,NULL,NULL,NULL,NULL,NULL,NULL,NULL,NULL,NULL,NULL,NULL,NULL,NULL,NULL,NULL,NULL,NULL,NULL
SOCCSKSARGEN DRUG ABUSE TREATMENT AND REHABILITATION CENTER ,Region XII,Sarangani,Alabel,Executive,Department,National Government Agencies (NGA),11472038,Food Supplies - non perishable (Jan.-June 2025),Goods,International Competitive Bidding,Food Stuff,Government of the Philippines (GOP),General Appropriations Act,Implementing Rules and Regulations,1165706.00,14/11/2024,03/12/2024,Sarangani,180,Day/s,NULL,NULL,NULL,NULL,NULL,NULL,Closed,NULL,NULL,NULL,NULL,NULL,NULL,NULL,NULL,NULL,NULL,NULL,NULL,NULL,NULL,NULL,NULL,NULL,NULL
"MUNICIPALITY OF MARAGONDON, CAVITE",Region IV-A,Cavite,Maragondon,Executive,Municipal Government,Local Government Units (LGU),11374130,Purchase of Supplemental hauling services for use of the Office of the Mayor-MENRO Office for the Solid Waste Management of the Municipality,Goods,Limited Source Bidding (Sec. 49),Waste Management and Recycling,Government of the Philippines (GOP),Budget for the Contract Approved by the Sanggunian,Implementing Rules and Regulations,1782000.00,18/10/2024,22/10/2024,Cavite,30,Day/s,NULL,NULL,NULL,NULL,NULL,NULL,Closed,NULL,NULL,NULL,NULL,NULL,NULL,NULL,NULL,NULL,NULL,NULL,NULL,NULL,NULL,NULL,NULL,NULL,NULL
BANGKO SENTRAL NG PILIPINAS,NCR,Metro Manila,Manila,Executive,Government Owned and/or Controlled Corp.(GOCC),Government Owned and Controlled Corporations (GOCC),11349009,Supply and Delivery of New Generation Currency (NGC) Outsourced Finished Banknotes with Enhanced Security Features and Tactile Marks,Goods,Limited Source Bidding (Sec. 49),Printing Services,Government of the Philippines (GOP),Corporate Budget for the Contract Approved by the Board,Implementing Rules and Regulations,7379635997.12,11/10/2024,14/11/2024,NULL,2,Year/s,1,Enhanced NGC Outsourced Finished Banknotes,"1000-Piso, as per BSP Terms of Reference and Technical Specifications",600000,Bundle,3529711188.96,Awarded,5322347,Enhanced NGC Outsourced Finished Banknotes,82121509,Security or financial instruments printing,23/01/2025,22/01/2025,3234248923.12,Updated,06/02/2025,10/10/2025,25/04/2026,CRANE AB,Sweden,NULL,NULL,NULL,Medium,NULL
"MUNICIPALITY OF MARAGONDON, CAVITE",Region IV-A,Cavite,Maragondon,Executive,Municipal Government,Local Government Units (LGU),11390733,Seminar Package for 2-Days and 1 Night Good for 70 PAx on the Training and Fortmulation LYDP and CBYDP Cum Empowering Youth Resilience Leadership and Gender Inclusive Approaches and Disaster Managem,Goods,Limited Source Bidding (Sec. 49),Events Management,Government of the Philippines (GOP),Budget for the Contract Approved by the Sanggunian,Implementing Rules and Regulations,280000.00,23/10/2024,29/10/2024,Cavite,7,Day/s,1,ALPROPS MANAGEMENT AND REALITY INC.,"PAYMENT FOR THE COST OF MEALS, VENUE & ROOM ACCOMMODATION DURING THE TRAINING AND FORMULATION LYDP AND CBYDP CUM  EMPOWERING YOUTH RESILIENCE  LEADERSHIP AND GENDER INCLUSIVE APPROACHES TO DISASTER MANAGEMENT LAST NOVEMBER 21-22,2024 AT MONTE VISTA",1,Package,280000.00,Awarded,5230893,ALPROPS MANAGEMENT AND REALITY INC.,80141607,Events management,10/12/2024,30/10/2024,280000.00,Updated,04/11/2024,05/11/2024,13/12/2024,ALPROPS MANAGEMENT AND REALTY INC. ,Philippines,NCR,Metro Manila,Makati City,Micro,NULL
BARANGAY SUNDO-AN - MANJUYOD NEGROS ORIENTAL,Negros Island Region,Negros Oriental,Manjuyod,Executive,Barangay,Local Government Units (LGU),11341216,PURCHASE OF GOODS,Goods,Limited Source Bidding (Sec. 49),Water Service Connection Materials/Fittings,Government of the Philippines (GOP),General Appropriations Act,Implementing Rules and Regulations,60000.00,10/10/2024,18/10/2024,Negros Oriental,10,Day/s,1,Polyethylene Pipe,Polyethylene Pipe,12,Roll,60000.00,Closed,NULL,NULL,NULL,NULL,NULL,NULL,NULL,NULL,NULL,NULL,NULL,NULL,NULL,NULL,NULL,NULL,NULL,NULL
BANGKO SENTRAL NG PILIPINAS,NCR,Metro Manila,Manila,Executive,Government Owned and/or Controlled Corp.(GOCC),Government Owned and Controlled Corporations (GOCC),11349009,Supply and Delivery of New Generation Currency (NGC) Outsourced Finished Banknotes with Enhanced Security Features and Tactile Marks,Goods,Limited Source Bidding (Sec. 49),Printing Services,Government of the Philippines (GOP),Corporate Budget for the Contract Approved by the Board,Implementing Rules and Regulations,7379635997.12,11/10/2024,14/11/2024,NULL,2,Year/s,2,Enhanced NGC Outsourced Finished Banknotes,"500-Piso, as per BSP Terms of Reference and Technical Specifications",530000,Bundle,2314818697.44,Awarded,5322348,Enhanced NGC Outsourced Finished Banknotes,82121509,Security or financial instruments printing,23/01/2025,22/01/2025,1812940925.81,Updated,06/02/2025,25/10/2025,14/03/2026,GIESECKE+DEVRIENT CURRENCY TECHNOLOGY GMBH,Germany,NULL,NULL,NULL,Medium,NULL
NATIONAL SECURITY COUNCIL,NCR,Metro Manila,Quezon City,Executive,Department,National Government Agencies (NGA),11428996,AINSOC FIT-OUT,Goods - General Support Services,Limited Source Bidding (Sec. 49),Information Technology Parts & Accessories & Perip,Government of the Philippines (GOP),General Appropriations Act,Implementing Rules and Regulations,61400000.00,05/11/2024,25/11/2024,Metro Manila,240,Day/s,1,AINSOC Fit-out,Please refer to TOR and Bidding Documents,1,Lot,61400000.00,Awarded,5301964,AINSOC Fit-out,43232801,Network monitoring software,13/02/2025,19/12/2024,61000000.00,Updated,26/12/2024,27/12/2024,24/08/2025,LBPASCUAL INFORMATION TECHNOLOGY SOLUTIONS,Philippines,NCR,Metro Manila,Makati City,Large,NULL
"MUNICIPALITY OF MARAGONDON, CAVITE",Region IV-A,Cavite,Maragondon,Executive,Municipal Government,Local Government Units (LGU),11501357,"Room Accommodation, Meals and Venue for Understanding  Gender Mainstreaming and It's Relationship to MCW on December 10-12, 2024 at Aureo La Union",Goods,Limited Source Bidding (Sec. 49),Events Management,Government of the Philippines (GOP),Budget for the Contract Approved by the Sanggunian,Implementing Rules and Regulations,481600.00,20/11/2024,25/11/2024,Cavite,3,Day/s,1,AUREO HOTEL LA UNION,"ROOM ACCOMMODATION,MEALS AND VENUE FOR THE SEMINAR ON UNDERSTANDING GENDER MAINSTREAMING AND ITS RELATIONSHIP TO MCW",1,Package,481600.00,Awarded,5553529,AUREO HOTEL LA UNION,80141607,Events management,27/05/2025,28/11/2024,481600.00,Updated,29/11/2024,30/11/2024,30/05/2025,FERENZO HOLDING & DEVELOPMENT CORPORATION,Philippines,Region I,La Union,San Fernando City,NULL,NULL
BARANGAY SUNDO-AN - MANJUYOD NEGROS ORIENTAL,Negros Island Region,Negros Oriental,Manjuyod,Executive,Barangay,Local Government Units (LGU),11341442,PURCHASE OF GOODS,Goods,Limited Source Bidding (Sec. 49),Electrical Supplies,Government of the Philippines (GOP),General Appropriations Act,Implementing Rules and Regulations,60000.00,10/10/2024,18/10/2024,Negros Oriental,10,Day/s,1,Service Drop Wire,Service Drop Wire,4,Roll,60000.00,Closed,NULL,NULL,NULL,NULL,NULL,NULL,NULL,NULL,NULL,NULL,NULL,NULL,NULL,NULL,NULL,NULL,NULL,NULL
BARANGAY SUNDO-AN - MANJUYOD NEGROS ORIENTAL,Negros Island Region,Negros Oriental,Manjuyod,Executive,Barangay,Local Government Units (LGU),11559831,CONSTRUCTION OF CONCRETE DRAINAGE,Goods,Limited Source Bidding (Sec. 49),Construction Materials and Supplies,Government of the Philippines (GOP),General Appropriations Act,Implementing Rules and Regulations,80421.00,03/12/2024,11/12/2024,Negros Oriental,10,Day/s,1,Construction Materials,Construction Materials,1,Lot,52070.00,Closed,NULL,NULL,NULL,NULL,NULL,NULL,NULL,NULL,NULL,NULL,NULL,NULL,NULL,NULL,NULL,NULL,NULL,NULL
"MUNICIPALITY OF MARAGONDON, CAVITE",Region IV-A,Cavite,Maragondon,Executive,Municipal Government,Local Government Units (LGU),11370121,Purchase of supplemental hauling services for use of the Office of the Mayor-MENRO Office for Solid Waste Management of the Municipality,Goods,Limited Source Bidding (Sec. 49),Waste Management and Recycling,Government of the Philippines (GOP),Budget for the Contract Approved by the Sanggunian,Implementing Rules and Regulations,1782000.00,17/10/2024,24/10/2024,Cavite,30,Day/s,NULL,NULL,NULL,NULL,NULL,NULL,Cancelled,NULL,NULL,NULL,NULL,NULL,NULL,NULL,NULL,NULL,NULL,NULL,NULL,NULL,NULL,NULL,NULL,NULL,NULL
"MUNICIPALITY OF CUYAPO, NUEVA ECIJA",Region III,Nueva Ecija,Cuyapo,Executive,Municipal Government,Local Government Units (LGU),11395008,PURCHASE OF MICRONUTRIENT POWDER,Goods,Shopping - Ordinary/Regular Office Supplies & Equipment (Sec. 52.1.b),Food Stuff,Government of the Philippines (GOP),Budget for the Contract Approved by the Sanggunian,Implementing Rules and Regulations,199152.00,23/10/2024,28/10/2024,Nueva Ecija,10,Day/s,1,Purchase of Micronutrient Powder,"Municipality of Cuyapo, Nueva Ecija",1,Lot,199152.00,Awarded,5168338,Purchase of Micronutrient Powder,50000000,Food Beverage and Tobacco Products,11/11/2024,30/10/2024,190854.00,Updated,31/10/2024,31/10/2024,10/11/2024,PHILIPPINE NUTRI-FOODS CORPORATION,Philippines,NCR,Metro Manila,Muntinlupa City,Large,NULL
BATANGAS STATE UNIVERSITY,Region IV-A,Batangas,Batangas City,Executive,State Universities or Colleges (SUC),State Universities and Colleges (SUC),11583568,Procurement of Supplies and Materials for Sinag Project to Create and Ultraviolet photolithography,Goods,Negotiated Procurement - Small Value Procurement (Sec. 53.9),Electronic Parts and Components,Government of the Philippines (GOP),Corporate Budget for the Contract Approved by the Board,Implementing Rules and Regulations,118925.00,07/12/2024,11/12/2024,Batangas,30,Day/s,4,Acrylic Sheet,5mm Acrylic Sheet; Dimension 6mm x 1220mm x 2440mm (Or at least 6mmx1000mmx1500mm),1,Piece,9750.00,Closed,NULL,NULL,NULL,NULL,NULL,NULL,NULL,NULL,NULL,NULL,NULL,NULL,NULL,NULL,NULL,NULL,NULL,NULL
DEPARTMENT OF SOCIAL WELFARE AND DEVELOPMENT - REGION XI,Region XI,Davao Del Sur,Davao City,Executive,Department,National Government Agencies (NGA),11508106,To provide vehicle rental for KALAHI CIDSS staff transportation Conduct of Physical-Technical Evaluation of Completed Community Infrastructure Sub-projects,Goods - General Support Services,Shopping - Ordinary/Regular Office Supplies & Equipment (Sec. 52.1.b),Transportation and Communications Services,Government of the Philippines (GOP),General Appropriations Act,Implementing Rules and Regulations,55050.00,21/11/2024,25/11/2024,Davao Del Norte,6,Day/s,NULL,NULL,NULL,NULL,NULL,NULL,Closed,NULL,NULL,NULL,NULL,NULL,NULL,NULL,NULL,NULL,NULL,NULL,NULL,NULL,NULL,NULL,NULL,NULL,NULL
BARANGAY MAYBUNGA - PASIG CITY,NCR,Metro Manila,Pasig City,Executive,Barangay,Local Government Units (LGU),11461471,PURCHASE OF GROCERY ITEMS FOR ALAY PASASALAMAT OF PERSON'S WITH DISABILITY,Goods,Public Bidding,Food Stuff,Government of the Philippines (GOP),Budget for the Contract Approved by the Sanggunian,Implementing Rules and Regulations,115000.00,12/11/2024,19/11/2024,Metro Manila,5,Day/s,NULL,NULL,NULL,NULL,NULL,NULL,Closed,NULL,NULL,NULL,NULL,NULL,NULL,NULL,NULL,NULL,NULL,NULL,NULL,NULL,NULL,NULL,NULL,NULL,NULL
"SANGGUNIANG BARANGAY OF ILAYA, DAPITAN CITY",Region IX,Zamboanga Del Norte,Sibutad,Executive,Barangay,Local Government Units (LGU),11497747,MATERIALS FOR INSTALLATION OF TILES FOR NEW SENIOR CITIZENS ASSOCIATION OFFICE,Civil Works,Public Bidding,Construction Materials and Supplies,Government of the Philippines (GOP),Budget for the Contract Approved by the Sanggunian,Implementing Rules and Regulations,59792.00,19/11/2024,26/11/2024,Zamboanga Del Norte,7,Day/s,NULL,NULL,NULL,NULL,NULL,NULL,Cancelled,NULL,NULL,NULL,NULL,NULL,NULL,NULL,NULL,NULL,NULL,NULL,NULL,NULL,NULL,NULL,NULL,NULL,NULL
"DEPARTMENT OF EDUCATION REGIONAL OFFICE V - LEGAZPI CITY, AL",Region V,Albay,Legazpi City,Executive,Department,National Government Agencies (NGA),11360145,"GOODS-2024-13 Supply and Door to Door Delivery of School Furniture for Elementary, Junior and Senior High Schools under the Basic Educational Facilities Fund (BEFF) School Furniture Program CY 2023 (7",Goods,Public Bidding,Furniture,Government of the Philippines (GOP),General Appropriations Act,Implementing Rules and Regulations,41427700.00,15/10/2024,26/11/2024,Albay,120,Day/s,1,GOODS-2024-13 Supply and Door to Door Delivery of,"Supply and Door to Door Delivery of School Furniture for Elementary, Junior and Senior High Schools under the Basic Educational Facilities Fund (BEFF) School Furniture Program CY 2023",1,Lot,41427700.00,Awarded,5350689,GOODS-2024-13 Supply and Door to Door Delivery of,56000000,Furniture and Furnishings,05/02/2025,26/12/2024,35494000.00,Updated,26/12/2024,27/12/2024,26/04/2025,EMPRESA PRESTINE CORP.,Philippines,NCR,Metro Manila,Valenzuela City,Micro,NULL
PHILIPPINE AIR FORCE,NCR,Metro Manila,Pasay City,Executive,Department,National Government Agencies (NGA),11344327,Spares for the Repair and Maintenance of Avionics System of AW-109AH Aircraft,Goods,Public Bidding,Aircraft Spare Parts,Government of the Philippines (GOP),National Expenditure Program (NEP) for the suceeding year - Single Year,Implementing Rules and Regulations,101500000.00,10/10/2024,29/10/2024,NULL,0,Day/s,1,PB-PAFBAC-040-25,Procurement of Spares for the Repair and Maintenance of Avionics System of AW-109AH Aircraft,1,Lot,101500000.00,Awarded,5307436,PB-PAFBAC-040-25,25130000,Aircraft,16/01/2025,03/01/2025,49338888.00,Updated,30/01/2025,30/01/2025,26/11/2025,"AEROMART WORLDWIDE, INC.",Philippines,Region III,Pampanga,Angeles City,Large,NULL
CORAZON LOCSIN MONTELIBANO MEMORIAL REGIONAL HOSPITAL-DOH R6,Region VI,Negros Occidental,Bacolod City,Executive,Hospital,National Government Agencies (NGA),11418505,Laboratory Supplies and Reagents (Clinical Chemistry) (P.R. 2024-07-0856),Goods,Public Bidding,Laboratory Supplies and Equipment,Government of the Philippines (GOP),General Appropriations Act,Implementing Rules and Regulations,3758900.00,31/10/2024,21/11/2024,Negros Occidental,20,Day/s,18,CHOLESTEROL REAGENTS AND CONSUMABLES 3600 tests,CHOLESTEROL REAGENTS AND CONSUMABLES 3600 tests,3,Box,99000.00,Awarded,5454471,CHOLESTEROL REAGENTS AND CONSUMABLES 3600 tests,41000000,Laboratory and Measuring and Observing and Testing Equipment,27/03/2025,31/01/2025,54000.00,Updated,10/03/2025,10/03/2025,29/03/2025,BIOSITE MEDICAL INSTRUMENTS,Philippines,Region XI,Davao Del Sur,Davao City,Micro,NULL
"CITY OF CEBU, CEBU",Region VII,Cebu,Cebu City,Executive,City Government,Local Government Units (LGU),11553517,"Procurement of Medical Supplies, 1 Lot. REBID",Goods,Public Bidding,Medical Supplies and Laboratory Instrument,Government of the Philippines (GOP),Budget for the Contract Approved by the Sanggunian,Implementing Rules and Regulations,504410.00,02/12/2024,10/12/2024,Cebu,0,Day/s,NULL,NULL,NULL,NULL,NULL,NULL,Closed,NULL,NULL,NULL,NULL,NULL,NULL,NULL,NULL,NULL,NULL,NULL,NULL,NULL,NULL,NULL,NULL,NULL,NULL
"CITY OF OZAMIS, MISAMIS OCCIDENTAL",Region X,Misamis Occidental,Ozamiz City,Executive,City Government,Local Government Units (LGU),11347807,"JOB ORDER 1,000 BUSINESS PLATES FOR THE USE OF TAXPAYERS RENEWED THEIR BUSINESS PERMIT",Goods,Negotiated Procurement - Small Value Procurement (Sec. 53.9),Printing Services,Government of the Philippines (GOP),Budget for the Contract Approved by the Sanggunian,Implementing Rules and Regulations,85000.00,11/10/2024,15/10/2024,Misamis Occidental,30,Day/s,NULL,NULL,NULL,NULL,NULL,NULL,Closed,NULL,NULL,NULL,NULL,NULL,NULL,NULL,NULL,NULL,NULL,NULL,NULL,NULL,NULL,NULL,NULL,NULL,NULL
PROVINCIAL GOVERNMENT OF CAMARINES NORTE,Region V,Camarines Norte,Daet,Executive,Provincial Government,Local Government Units (LGU),11473221,Supply and Delivery of Meals,Goods,Negotiated Procurement - Small Value Procurement (Sec. 53.9),Catering Services,Government of the Philippines (GOP),Budget for the Contract Approved by the Sanggunian,Implementing Rules and Regulations,675000.00,14/11/2024,19/11/2024,Camarines Norte,0,Day/s,1,Meals,2700 pax Meals,1,Lot,675000.00,Awarded,5256606,Meals,90101603,Catering services,19/12/2024,28/11/2024,669600.00,Updated,29/11/2024,29/11/2024,13/12/2024,KAMAYAN BY CHEF EVIN &AMP; CATERING SERVICES,Philippines,Region V,Camarines Norte,Daet,Micro,NULL
OVERSEAS WORKERS WELFARE ADMINISTRATION - REGION XII,Region XII,South Cotabato,Koronadal City,Executive,Attached Agency,National Government Agencies (NGA),11628499,Procurement  of Semi-Expendable - Furniture and Fixture to be used and placed on different office in the new constructed Building of RWO XII.,Goods,Negotiated Procurement - Small Value Procurement (Sec. 53.9),Fixtures,Government of the Philippines (GOP),Corporate Budget for the Contract Approved by the Board,Implementing Rules and Regulations,430550.00,23/12/2024,02/01/2025,South Cotabato,20,Day/s,1,Fixtures,Please see Notice Description,1,Lot,430550.00,Closed,NULL,NULL,NULL,NULL,NULL,NULL,NULL,NULL,NULL,NULL,NULL,NULL,NULL,NULL,NULL,NULL,NULL,NULL
BUREAU OF JAIL MANAGEMENT AND PENOLOGY - REGION III,Region III,Pampanga,San Fernando City,Executive,Bureau,National Government Agencies (NGA),11560096,Construction of Plaridel Municipal Jail Building – Phase 2,Civil Works,Public Bidding,Construction Projects,Government of the Philippines (GOP),General Appropriations Act,Implementing Rules and Regulations,6984000.00,03/12/2024,23/12/2024,Pampanga,240,Day/s,1,Construction,Construction of Plaridel Municipal Jail Building,1,Lot,6984000.00,Awarded,5454692,Construction,72000000,Building and Facility Construction and Maintenance Services,27/03/2025,11/02/2025,6738512.40,Updated,07/03/2025,08/03/2025,18/11/2025,GIL BUILDERS AND TRADING,Philippines,Region III,Pampanga,Bacolor,Medium,NULL
"MUNICIPALITY OF JORDAN, GUIMARAS",Region VI,Guimaras,Jordan,Executive,Municipal Government,Local Government Units (LGU),11615440,SUPPLY AND DELIVERY OF ADULT WHEEL CHAIRS FOR THE USE OF SENIOR CITIZENS,Goods,Public Bidding,Medical Supplies and Laboratory Instrument,Government of the Philippines (GOP),Budget for the Contract Approved by the Sanggunian,Implementing Rules and Regulations,126000.00,17/12/2024,27/12/2024,Guimaras,30,Day/s,1,WHEEL CHAIRS,SUPPLY AND DELIVERY OF ADULT WHEEL CHAIRS FOR THE USE OF SENIOR CITIZENS,1,Lot,126000.00,Closed,NULL,NULL,NULL,NULL,NULL,NULL,NULL,NULL,NULL,NULL,NULL,NULL,NULL,NULL,NULL,NULL,NULL,NULL
